"","p10","start.date","tmin","tmax","tave","precip","humidity","sunshine","wind_vel","wind_dir","max_gust","max_gust_dir"
"1",1,1986-01-01 07:00:00,23.99,29.65,26.1,146.9,92.2,3.9,1.42857142857143,"N ",6,NA
"2",2,1986-01-11 07:00:00,25.1,29.06,26.74,41.9,88.7,3.94,4.55555555555556,"NW",10,290
"3",3,1986-01-21 07:00:00,25.62,29.66,27.04,1.44444444444444,88.6,6.66,3.8,"NW",8,300
"4",4,1986-01-31 07:00:00,23.74,30.38,26.84,29.8888888888889,87.1,7.28,2.6,"NW",10,300
"5",5,1986-02-10 07:00:00,24.16,30.16,26.74,20.4444444444444,88.5,6.22,3.3,"NW",8,320
"6",6,1986-02-20 07:00:00,23.62,30.05,26.5,87.6,89.5,5.39,2.11111111111111,"N ",6,280
"7",7,1986-03-02 07:00:00,23.13,30,25.69,106.2,92.2,4.26,1.85714285714286,"N ",NA,NA
"8",8,1986-03-12 07:00:00,23.68,29.64,26.15,125.777777777778,91.6,3.82,1.33333333333333,"N ",NA,NA
"9",9,1986-03-22 07:00:00,24.26,30.44,26.89,26.2,90.5,6,2,"W ",NA,NA
"10",10,1986-04-01 07:00:00,24.51,31.17,27.31,41.7,89.4,5.76,1.875,"N ",NA,NA
"11",11,1986-04-11 07:00:00,23.64,30.54,26.5,70.7,92,4.85,NA,"N ",NA,NA
"12",12,1986-04-21 07:00:00,24.35,31.33,27.09,178.666666666667,92.4,5.49,1.875,"N ",NA,NA
"13",13,1986-05-01 07:00:00,24.1,31.1,27.04,95.7,88.4,4.61,2.125,"N ",NA,NA
"14",14,1986-05-11 07:00:00,24.12,32.1,27.49,40.2222222222222,90.4,6.75,2.8,"E ",NA,NA
"15",15,1986-05-21 07:00:00,24.16,32.54,27.37,30.4444444444444,89.9,6.74,3.2,"E ",NA,NA
"16",16,1986-05-31 07:00:00,23.5,31.52,26.49,119,89.9,5.22,2,"E ",NA,NA
"17",17,1986-06-10 07:00:00,24.01,31.12,26.99,58.7,88.4,5.73,1.77777777777778,"N ",NA,NA
"18",18,1986-06-20 07:00:00,24.12,31.64,27.29,0,88.4,6.98,2.625,"S ",NA,NA
"19",19,1986-06-30 07:00:00,23.45,31.8,26.86,84.9,88.1,7.61,3.3,"S ",NA,NA
"20",20,1986-07-10 07:00:00,23.53,31.71,26.93,28.7,86.8,6.62,3.125,"E ",NA,NA
"21",21,1986-07-20 07:00:00,22.86,30.88,26.3,41,87.4,6.13,2.33333333333333,"N ",NA,NA
"22",22,1986-07-30 07:00:00,22.62,30.98,26.25,15.6,85.9,6.86,2.4,"E ",NA,NA
"23",23,1986-08-09 07:00:00,23.07,31.62,26.79,3.66666666666667,84.5,7.16,3.5,"E ",NA,NA
"24",24,1986-08-19 07:00:00,22.98,32.24,27.02,0,84.5,7.72,4.9,"E ",NA,NA
"25",25,1986-08-29 07:00:00,23.01,31.81,26.64,5.88888888888889,85.4,6.3,4.1,"E ",NA,NA
"26",26,1986-09-08 07:00:00,22.64,30.58,26.23,53.5,88.2,5.91,2.77777777777778,"S ",NA,NA
"27",27,1986-09-18 07:00:00,23.06,31.71,26.68,53.2,86.7,5.21,2.33333333333333,"N ",NA,NA
"28",28,1986-09-28 07:00:00,23.36,30.75,25.92,246.222222222222,88.5,3.89,1.71428571428571,"N ",NA,NA
"29",29,1986-10-08 07:00:00,23.38,31.24,26.5,33.9,87.3,4.96,1.625,"N ",NA,NA
"30",30,1986-10-18 07:00:00,23.96,31.01,26.77,118.9,88.4,4.63,1.88888888888889,"N ",NA,NA
"31",31,1986-10-28 07:00:00,23.8,30.4,26.21,120.1,90.9,4.58,1.88888888888889,"N ",NA,NA
"32",32,1986-11-07 07:00:00,23.42,29.83,25.86,135,90.8,3.29,NA,"N ",NA,NA
"33",33,1986-11-17 07:00:00,23.9,30.24,26.53,171.6,89.1,4.5,2,"N ",NA,NA
"34",34,1986-11-27 07:00:00,23.85,30.64,26.4,172.444444444444,89.7,4.95,NA,"N ",NA,NA
"35",35,1986-12-07 07:00:00,24.2,30.2,26.85,126.7,88.7,4.91,2.66666666666667,"N ",NA,NA
"36",36,1986-12-17 07:00:00,23.66,30.17,26.24,260.2,89.7,5.33,1.57142857142857,"N ",NA,NA
"37",37,1986-12-27 07:00:00,23.99,30.43,26.73,133.333333333333,88.4,5.19,1.66666666666667,"N ",NA,NA
"38",38,1987-01-06 07:00:00,23.92,29.83,26.15,160.2,90.3,2.38,NA,"N ",NA,NA
"39",39,1987-01-16 07:00:00,24.59,30.21,27.08,94.7,87.8,5.16,2.5,"NW",NA,NA
"40",40,1987-01-26 07:00:00,23.68,29.34,26.06,109.8,89.3,3.82,2.375,"N ",NA,NA
"41",41,1987-02-05 07:00:00,24.38,30.13,26.9,73.4,86.6,5.92,2.66666666666667,"NW",NA,NA
"42",42,1987-02-15 07:00:00,25.6,30.9,27.95,2.4,81.8,6.91,3.1,"NW",NA,NA
"43",43,1987-02-25 07:00:00,24.2,30.94,27.05,15.1,84.3,6.11,2.33333333333333,"NW",NA,NA
"44",44,1987-03-07 07:00:00,23.84,31.18,26.63,107.5,88.3,4.8,1.5,"NW",NA,NA
"45",45,1987-03-17 07:00:00,23.58,31.04,26.79,163.5,85.8,5.06,1.75,"NW",NA,NA
"46",46,1987-03-27 07:00:00,23.6,30.66,26.29,162.7,88.4,5.35,1.71428571428571,"N ",NA,NA
"47",47,1987-04-06 07:00:00,24.06,31.43,27.16,24.8888888888889,86.1,5.62,1.625,"N ",NA,NA
"48",48,1987-04-16 07:00:00,24.12,31.06,27.01,275.1,86.9,5.22,1.14285714285714,"N ",NA,NA
"49",49,1987-04-26 07:00:00,24.13,30.96,26.7,189,88.1,NA,1.57142857142857,"N ",NA,NA
"50",50,1987-05-06 07:00:00,23.82,30.87,26.85,89.4444444444444,86.4,5.17,1,"N ",NA,NA
"51",51,1987-05-16 07:00:00,24.3,31.37,26.88,112.6,88.9,3.93,1.66666666666667,"N ",NA,NA
"52",52,1987-05-26 07:00:00,24.6,31.53,27.28,143.2,88.1,4.84,1.625,"N ",NA,NA
"53",53,1987-06-05 07:00:00,24.08,31.89,27.43,39.5,85.4,6.23,2.77777777777778,"E ",NA,NA
"54",54,1987-06-15 07:00:00,24.56,32.39,27.67,2.4,84.6,6.4,3.4,"E ",NA,NA
"55",55,1987-06-25 07:00:00,23.58,32.03,27.1,0.6,83.1,6.51,2.88888888888889,"E ",NA,NA
"56",56,1987-07-05 07:00:00,22.82,31.81,26.8,4.3,81.6,7.29,3.1,"E ",NA,NA
"57",57,1987-07-15 07:00:00,23.09,32.34,27.01,2,82.9,7.22,3.5,"E ",NA,NA
"58",58,1987-07-25 07:00:00,23.1,32.38,27,1.4,82.3,7.5,3.2,"E ",NA,NA
"59",59,1987-08-04 07:00:00,23.18,31.3,26.73,18.875,82.3,4.57,3.88888888888889,"E ",NA,NA
"60",60,1987-08-14 07:00:00,22.99,31.49,26.61,32.4,81.7,5.88,3.8,"E ",NA,NA
"61",61,1987-08-24 07:00:00,23.32,31.68,26.91,37.4,84.5,6.71,2.66666666666667,"E ",NA,NA
"62",62,1987-09-03 07:00:00,22.54,32.2,26.63,0,82.4,6.86,4.2,"E ",NA,NA
"63",63,1987-09-13 07:00:00,23.12,31.95,26.58,53.4,84,3.96,3.2,"E ",NA,NA
"64",64,1987-09-23 07:00:00,23.66,31.81,26.73,35.8,83.4,5.54,2.77777777777778,"E ",NA,NA
"65",65,1987-10-03 07:00:00,23.74,31.62,26.8,116.1,86.3,4.64,2,"N ",NA,NA
"66",66,1987-10-13 07:00:00,23.72,31.34,26.99,2.75,85.6,3.69,2.5,"N ",NA,NA
"67",67,1987-10-23 07:00:00,24.12,31.18,26.84,200.1,87.6,4.19,1.44444444444444,"N ",NA,NA
"68",68,1987-11-02 07:00:00,24.04,30.76,26.64,340.7,88.1,4.53,NA,"N ",NA,NA
"69",69,1987-11-12 07:00:00,23.98,30.97,27,77.6,85.5,4.97,1.55555555555556,"N ",NA,NA
"70",70,1987-11-22 07:00:00,24.22,31.54,27.2,121.777777777778,86.5,5.82,1.66666666666667,"N ",NA,NA
"71",71,1987-12-02 07:00:00,24.5,30.43,26.78,287,89.4,5.03,1.875,"N ",NA,NA
"72",72,1987-12-12 07:00:00,23.7,29.1,25.92,304.9,89.9,2.83,2.25,"N ",NA,NA
"73",73,1987-12-22 07:00:00,24.78,30.73,27.22,85.5,86.6,5.43,2.625,"N ",NA,NA
"74",74,1988-01-01 07:00:00,24.29,30.32,26.79,165,87.7,4.75,1.42857142857143,"N ",NA,NA
"75",75,1988-01-11 07:00:00,24.54,30.65,26.94,176,87.5,4.24,1.66666666666667,"N ",NA,NA
"76",76,1988-01-21 07:00:00,23.99,30.13,26.51,78.4444444444444,89,4.5,1.5,"N ",NA,NA
"77",77,1988-01-31 07:00:00,24.2,29.75,26.6,77,88,3.5,2.14285714285714,"N ",NA,NA
"78",78,1988-02-10 07:00:00,25.42,30.67,27.65,27.7,83.3,6.67,2.5,"NW",NA,NA
"79",79,1988-02-20 07:00:00,24.44,30.99,27.28,83.8,86.7,5.01,2,"N ",NA,NA
"80",80,1988-03-01 07:00:00,24.24,30.33,26.8,209.222222222222,87.7,3.74,1.57142857142857,"N ",NA,NA
"81",81,1988-03-11 07:00:00,24.7,31.4,27.53,110.9,86.3,4.76,1.83333333333333,"N ",NA,NA
"82",82,1988-03-21 07:00:00,24.46,30.28,27.11,96.8,85.1,4.54,3,"N ",NA,NA
"83",83,1988-03-31 07:00:00,24.36,30.96,26.88,49.5,89.1,4.75,NA,"N ",NA,NA
"84",84,1988-04-10 07:00:00,24.35,31.38,27.08,159.3,88.8,4.7,1.66666666666667,"N ",NA,NA
"85",85,1988-04-20 07:00:00,24.6,31.4,27.31,266.6,88.7,5.12,1.875,"N ",NA,NA
"86",86,1988-04-30 07:00:00,24.47,31.84,27.63,141.3,86.9,4.99,NA,"N ",NA,NA
"87",87,1988-05-10 07:00:00,24.69,30.67,27.35,70.2,88.4,3.87,NA,"N ",NA,NA
"88",88,1988-05-20 07:00:00,24.71,32.02,27.47,147.4,88.3,5.31,1.85714285714286,"N ",NA,NA
"89",89,1988-05-30 07:00:00,24.13,31.94,27.27,63.1,85.8,3.76,NA,"N ",NA,NA
"90",90,1988-06-09 07:00:00,23.52,31.57,26.71,58.8,86.1,5.2,2.5,"N ",NA,NA
"91",91,1988-06-19 07:00:00,23.08,32.02,26.97,5.5,84,7.31,2.2,"E ",NA,NA
"92",92,1988-06-29 07:00:00,23.49,30.74,26.03,149.9,88.4,3.57,2.11111111111111,"N ",6,350
"93",93,1988-07-09 07:00:00,23.56,30.6,26.72,7.22222222222222,86,5.5,2.5,"E ",7,120
"94",94,1988-07-19 07:00:00,23.54,29.74,26.83,32.2,85.3,5.62,2.22222222222222,"E ",7,110
"95",95,1988-07-29 07:00:00,23.26,30.92,26.35,45.4,85.9,5.06,3.2,"N ",NA,NA
"96",96,1988-08-08 07:00:00,23.54,31.02,26.37,248.222222222222,86.6,4.32,2.66666666666667,"N ",NA,NA
"97",97,1988-08-18 07:00:00,23.18,30.48,26,113.666666666667,88.7,3.43,2,"N ",NA,NA
"98",98,1988-08-28 07:00:00,23.67,30.69,26.07,154.3,88.5,4.77,2.5,"E ",NA,NA
"99",99,1988-09-07 07:00:00,23.58,30.08,26.08,219.9,89.4,4.21,2.16666666666667,"N ",NA,NA
"100",100,1988-09-17 07:00:00,24.25,31.42,26.83,86.4,87.2,4.31,2.1,"N ",NA,NA
"101",101,1988-09-27 07:00:00,24.13,31.25,27.15,13.3,85.9,6.14,1.9,"N ",NA,NA
"102",102,1988-10-07 07:00:00,23.66,30.69,26.58,29.9,87.2,4.08,2,"N ",NA,NA
"103",103,1988-10-17 07:00:00,23.39,31.24,26.8,10.4,83.7,6.33,1.875,"N ",NA,NA
"104",104,1988-10-27 07:00:00,24.03,31.01,27.03,83.2222222222222,85.8,5.67,1.375,"N ",NA,NA
"105",105,1988-11-06 07:00:00,24.01,31.18,26.97,88.9,87,4.58,2.11111111111111,"N ",NA,NA
"106",106,1988-11-16 07:00:00,23.61,29.75,26.24,166.4,86.9,3.28,2.11111111111111,"N ",NA,NA
"107",107,1988-11-26 07:00:00,23.8,29.48,25.95,206.444444444444,89.6,3.62,2.25,"N ",NA,NA
"108",108,1988-12-06 07:00:00,24.22,29.35,26.48,34,84,3.76,3,"N ",NA,NA
"109",109,1988-12-16 07:00:00,25.24,30.38,27.62,13,80.8,6.4,3.2,"NW",NA,NA
"110",110,1988-12-26 07:00:00,23.96,30.3,26.6,86.7,85.2,5.37,2.57142857142857,"N ",NA,NA
"111",111,1989-01-05 07:00:00,23.4,29.65,26.06,172.6,88.6,3.97,NA,"N ",NA,NA
"112",112,1989-01-15 07:00:00,23.87,29.58,26.03,236.1,88.3,3.59,NA,"N ",NA,NA
"113",113,1989-01-25 07:00:00,23.96,29.74,26.87,77.7,83.8,5.28,2.4,"N ",NA,NA
"114",114,1989-02-04 07:00:00,24.32,30.02,26.81,138.6,82,4.86,2.55555555555556,"N ",NA,NA
"115",115,1989-02-14 07:00:00,23.51,29.58,26.19,166.2,86.1,4.29,1.66666666666667,"N ",NA,NA
"116",116,1989-02-24 07:00:00,24.34,30.38,26.93,95.4,85.6,3.28,2,"N ",NA,NA
"117",117,1989-03-06 07:00:00,23.82,30.27,26.73,78.8,82.5,5.37,2.66666666666667,"N ",NA,NA
"118",118,1989-03-16 07:00:00,23.18,31.03,26.42,7.3,85.7,5.4,NA,"N ",NA,NA
"119",119,1989-03-26 07:00:00,23.02,29.88,25.6,149.8,88.3,4.24,1.5,"N ",NA,NA
"120",120,1989-04-05 07:00:00,23.72,30.49,26.26,52.2222222222222,87.2,5,2,"N ",NA,NA
"121",121,1989-04-15 07:00:00,23.66,31.13,26.87,10.2,86.8,5.73,NA,"N ",NA,NA
"122",122,1989-04-25 07:00:00,23.98,31.78,27.19,24.5,84.4,6.16,NA,"N ",NA,NA
"123",123,1989-05-05 07:00:00,23.64,31.48,26.93,178.666666666667,86.9,6.14,1.66666666666667,"N ",NA,NA
"124",124,1989-05-15 07:00:00,23.81,31.51,27.1,88.3,85.7,6.15,1.66666666666667,"N ",NA,NA
"125",125,1989-05-25 07:00:00,23.72,31.3,27,47.4444444444444,86.2,5.27,NA,"N ",NA,NA
"126",126,1989-06-04 07:00:00,23.5,31.18,26.91,57.7,85,6.4,1.85714285714286,"N ",NA,NA
"127",127,1989-06-14 07:00:00,22.89,30.99,26.56,88.4444444444444,84.9,5.41,1.85714285714286,"N ",NA,NA
"128",128,1989-06-24 07:00:00,22.98,31.05,26.13,49.2,85.5,5.52,2.14285714285714,"N ",NA,NA
"129",129,1989-07-04 07:00:00,23.38,30.96,26.31,65.2,85.9,4.83,NA,"N ",NA,NA
"130",130,1989-07-14 07:00:00,22.98,30.94,26.04,105.6,86.5,5.91,1.8,"N ",NA,NA
"131",131,1989-07-24 07:00:00,23.08,31.86,26.37,60.4444444444444,84.3,6.63,2.11111111111111,"N ",NA,NA
"132",132,1989-08-03 07:00:00,22.78,31.77,26.89,7.6,83.9,6.91,2.16666666666667,"N ",NA,NA
"133",133,1989-08-13 07:00:00,22.58,31.41,26.43,11.6666666666667,86,6.61,2.5,"N ",NA,NA
"134",134,1989-08-23 07:00:00,23.14,31.32,26.5,34.8,88,5.82,2.3,"N ",NA,NA
"135",135,1989-09-02 07:00:00,23.24,31.74,26.67,15.4444444444444,86,5.94,2.9,"N ",NA,NA
"136",136,1989-09-12 07:00:00,23,31.77,26.67,52.4,86.7,6.4,1.88888888888889,"N ",NA,NA
"137",137,1989-09-22 07:00:00,23.34,30.28,26.02,207.222222222222,89.8,5.07,2.66666666666667,"N ",NA,NA
"138",138,1989-10-02 07:00:00,23.38,30.63,26.44,92,87.8,4.17,NA,"N ",NA,NA
"139",139,1989-10-12 07:00:00,23.42,30.96,26.34,120.222222222222,88.8,4.81,1.57142857142857,"N ",NA,NA
"140",140,1989-10-22 07:00:00,23.64,30.4,26.32,173,88,4.2,NA,"N ",NA,NA
"141",141,1989-11-01 07:00:00,23.76,30.46,26.57,65.9,87.9,4.74,NA,"N ",NA,NA
"142",142,1989-11-11 07:00:00,24.38,30.64,27.05,148.4,88.7,5.14,NA,"N ",NA,NA
"143",143,1989-11-21 07:00:00,23.84,30.25,26.51,124.6,88.9,5.25,2,"N ",NA,NA
"144",144,1989-12-01 07:00:00,23.72,30.04,26.28,163.2,89.8,4.68,2,"N ",NA,NA
"145",145,1989-12-11 07:00:00,23.88,30.33,26.97,86.4,86.7,5.74,1.875,"N ",NA,NA
"146",146,1989-12-21 07:00:00,23.88,30.37,26.39,200.9,92.1,4.88,NA,"N ",NA,NA
"147",147,1989-12-31 07:00:00,24.1,29.62,26.62,78.125,87.5,3.26,2.11111111111111,"N ",NA,NA
"148",148,1990-01-10 07:00:00,23.78,29.92,26.2,85.4,88.1,4.37,NA,"N ",NA,NA
"149",149,1990-01-20 07:00:00,24.32,30.03,27.16,27.2,85.3,5.42,2.5,"N ",NA,NA
"150",150,1990-01-30 07:00:00,23.7,30.4,26.43,212.4,87.9,4.59,NA,"N ",NA,NA
"151",151,1990-02-09 07:00:00,23.7,29.74,26.34,158.7,89.4,2.18,NA,"N ",NA,NA
"152",152,1990-02-19 07:00:00,23.72,30.44,26.64,238.1,86.3,5.03,1.83333333333333,"N ",NA,NA
"153",153,1990-03-01 07:00:00,23.86,30.16,26.61,60.1,87.6,5.25,2,"N ",NA,NA
"154",154,1990-03-11 07:00:00,24.65,31.22,27.54,137.444444444444,84.4,5.71,1.88888888888889,"N ",NA,NA
"155",155,1990-03-21 07:00:00,23.84,31.14,27.11,68.3,86.2,5.35,NA,"N ",NA,NA
"156",156,1990-03-31 07:00:00,23.44,30.39,26.46,197,89.7,4.47,NA,"N ",NA,NA
"157",157,1990-04-10 07:00:00,24.48,31.36,27.1,156.375,87,4.21,NA,"N ",NA,NA
"158",158,1990-04-20 07:00:00,24.06,31.77,27.5,26.5555555555556,83.9,6.12,NA,"N ",NA,NA
"159",159,1990-04-30 07:00:00,24.08,31.76,26.94,130.7,87.8,5.05,NA,"N ",NA,NA
"160",160,1990-05-10 07:00:00,24.28,31.61,27.4,100.333333333333,85.9,6.25,NA,"N ",NA,NA
"161",161,1990-05-20 07:00:00,24.5,32.24,27.81,25.8,84.3,6.96,NA,"N ",NA,NA
"162",162,1990-05-30 07:00:00,23.84,31.74,27.21,81.8,85,5.52,NA,"N ",NA,NA
"163",163,1990-06-09 07:00:00,22.8,31.85,27,0,81.7,6.92,1.7,"N ",NA,NA
"164",164,1990-06-19 07:00:00,23.68,31.77,27.22,85.7,85.5,4.51,NA,"N ",NA,NA
"165",165,1990-06-29 07:00:00,23.31,31.58,26.49,77.375,86.4,5.95,NA,"N ",NA,NA
"166",166,1990-07-09 07:00:00,23.1,30.94,26.29,57.125,87.6,5.57,1.85714285714286,"N ",NA,NA
"167",167,1990-07-19 07:00:00,22.74,31.48,26.07,59.2222222222222,86.2,7.28,2,"N ",NA,NA
"168",168,1990-07-29 07:00:00,23.34,31.11,26.46,1.9,88.4,4.9,1.83333333333333,"N ",NA,NA
"169",169,1990-08-08 07:00:00,22.5,31.03,25.98,1.9,84.1,6.74,2.375,"N ",NA,NA
"170",170,1990-08-18 07:00:00,21.79,31.59,26.13,0,84.7,7.59,2.9,NA,NA,NA
"171",171,1990-08-28 07:00:00,22.56,32.34,26.7,0.1,84.2,6.66,2.4,"N ",NA,NA
"172",172,1990-09-07 07:00:00,22.93,32.42,26.84,0,82.9,7.32,3.1,"S ",NA,NA
"173",173,1990-09-17 07:00:00,23.12,31.71,26.51,42.8,86.2,5.65,2.625,"N ",NA,NA
"174",174,1990-09-27 07:00:00,22.69,31.78,26.73,10.75,84.1,6.88,2.3,"S ",NA,NA
"175",175,1990-10-07 07:00:00,23.21,31.96,26.89,24.6666666666667,84.1,6.61,2.2,"N ",NA,NA
"176",176,1990-10-17 07:00:00,23.13,30.61,26.04,249.25,89.5,4.18,NA,"N ",NA,NA
"177",177,1990-10-27 07:00:00,23.94,30.6,26.41,162.5,90.4,5.07,NA,"N ",NA,NA
"178",178,1990-11-06 07:00:00,23.44,31.22,27.05,53.6,85,5.61,NA,"N ",NA,NA
"179",179,1990-11-16 07:00:00,23.88,31.58,27.07,72.1,85.6,6.78,NA,"N ",NA,NA
"180",180,1990-11-26 07:00:00,24.37,30.96,27.14,126.888888888889,87,4.87,1.14285714285714,"N ",NA,NA
"181",181,1990-12-06 07:00:00,23.92,30.21,26.29,115.3,90.3,4.57,NA,"N ",NA,NA
"182",182,1990-12-16 07:00:00,24,29.71,26.39,117.9,89.5,3.78,2,"N ",NA,NA
"183",183,1990-12-26 07:00:00,23.9,30.51,26.5,173.3,89.4,4.72,NA,"N ",NA,NA
"184",184,1991-01-05 07:00:00,24.18,30.84,27.25,63.4,85,4.89,NA,"N ",NA,NA
"185",185,1991-01-15 07:00:00,24.06,29.81,26.37,62.6,90.1,2.97,NA,"N ",NA,NA
"186",186,1991-01-25 07:00:00,24.22,30.01,26.53,103.5,88.8,4.75,1.875,"N ",NA,NA
"187",187,1991-02-04 07:00:00,24.8,29.75,26.87,96.9,86.9,4.38,2,"N ",NA,NA
"188",188,1991-02-14 07:00:00,25.08,30.73,27.66,8.8,82.8,5.99,2.22222222222222,"N ",NA,NA
"189",189,1991-02-24 07:00:00,23.74,31.19,27.06,1,84.6,5.83,1.5,"N ",NA,NA
"190",190,1991-03-06 07:00:00,23.62,31.17,26.99,234.111111111111,85.7,5.99,1.66666666666667,"N ",NA,NA
"191",191,1991-03-16 07:00:00,23.96,30.93,26.85,127.7,87.4,5.25,NA,"N ",NA,NA
"192",192,1991-03-26 07:00:00,23.74,30.64,26.47,195.8,88.2,4.32,NA,"N ",NA,NA
"193",193,1991-04-05 07:00:00,24.33,31.54,27.44,88.2,84.8,5.91,NA,"N ",5,NA
"194",194,1991-04-15 07:00:00,24.13,31.21,26.97,103.4,87.9,5.26,NA,"N ",5,NA
"195",195,1991-04-25 07:00:00,24.18,32.47,27.76,56.5555555555556,86.1,7.02,NA,"N ",NA,NA
"196",196,1991-05-05 07:00:00,24.31,32.52,27.48,12.6,85.4,7.01,NA,"N ",NA,NA
"197",197,1991-05-15 07:00:00,24.23,31.26,26.88,175.9,89.4,4.66,1.375,"N ",NA,NA
"198",198,1991-05-25 07:00:00,24.66,31.81,27.26,104.666666666667,87.7,5.28,1.55555555555556,"N ",NA,NA
"199",199,1991-06-04 07:00:00,24.02,30.64,26.86,74,88.8,4.26,NA,"N ",NA,NA
"200",200,1991-06-14 07:00:00,24,32.52,27.69,0,82.8,7.43,1.8,"N ",NA,NA
"201",201,1991-06-24 07:00:00,22.22,31.87,26.38,2.1,82.7,7.43,2.22222222222222,"N ",NA,NA
"202",202,1991-07-04 07:00:00,22.42,31.26,26.24,0,81.7,6.58,2.1,"N ",NA,NA
"203",203,1991-07-14 07:00:00,22.55,31.98,26.38,2.3,82.8,6.87,2.22222222222222,"N ",NA,NA
"204",204,1991-07-24 07:00:00,23.38,32.49,27.14,0,82.4,7.54,3.2,"E ",NA,NA
"205",205,1991-08-03 07:00:00,22.65,31.95,26.6,0,81.2,7.13,3.2,"S ",NA,NA
"206",206,1991-08-13 07:00:00,22.68,31.92,26.56,0,80.3,7.27,3.5,"S ",NA,NA
"207",207,1991-08-23 07:00:00,22.65,31.21,26.38,8.5,84.8,6.17,2.77777777777778,"S ",NA,NA
"208",208,1991-09-02 07:00:00,22.83,32.44,26.86,0,80.4,7.09,2.75,"N ",9,100
"209",209,1991-09-12 07:00:00,22.18,32.4,26.46,1.5,80.5,6.42,3.5,"S ",9,180
"210",210,1991-09-22 07:00:00,23.16,32.17,26.93,0,80.5,4.71,3.2,"S ",8,180
"211",211,1991-10-02 07:00:00,23.7,31.71,26.7,3,85,3.14,2.44444444444444,"S ",5,170
"212",212,1991-10-12 07:00:00,22.62,30.61,25.73,42.2,88.2,3.51,2.28571428571429,"N ",8,180
"213",213,1991-10-22 07:00:00,23.36,31.3,26.81,17,84.9,5.78,1.66666666666667,"N ",5,80
"214",214,1991-11-01 07:00:00,23,30.75,26.12,196.555555555556,86.5,5.06,1.66666666666667,"N ",NA,NA
"215",215,1991-11-11 07:00:00,23.55,30.39,26.36,141.1,87.1,5.76,1.33333333333333,"N ",NA,NA
"216",216,1991-11-21 07:00:00,24.1,30.18,26.64,149.666666666667,87.8,3.89,1.125,"N ",NA,NA
"217",217,1991-12-01 07:00:00,23.82,29.21,25.84,279.4,90.4,2.38,1.57142857142857,"N ",NA,NA
"218",218,1991-12-11 07:00:00,23.76,30.74,26.92,136.1,85.7,5.11,1.33333333333333,"N ",NA,NA
"219",219,1991-12-21 07:00:00,23.8,29.63,26,299.5,89.5,2.77,NA,"N ",NA,NA
"220",220,1991-12-31 07:00:00,23.7,31.04,26.72,123.8,88.6,6.19,NA,"N ",NA,NA
"221",221,1992-01-10 07:00:00,23.74,30.69,26.69,70.4444444444444,90.1,4.86,NA,"N ",NA,NA
"222",222,1992-01-20 07:00:00,23.68,30.77,26.45,378.625,90.9,5.85,NA,"N ",NA,NA
"223",223,1992-01-30 07:00:00,24.1,30.62,26.6,118.8,87.7,5.39,NA,"N ",5,320
"224",224,1992-02-09 07:00:00,23.9,30.82,26.84,62.5,86.2,4.68,NA,"N ",5,200
"225",225,1992-02-19 07:00:00,23.72,30.66,26.7,120.9,86.3,4.89,1.33333333333333,"N ",4,360
"226",226,1992-02-29 07:00:00,23.84,30.78,26.71,61.8,87.1,4.45,NA,"N ",NA,NA
"227",227,1992-03-10 07:00:00,23.96,31.37,27.17,113,86.2,5.26,NA,"N ",NA,NA
"228",228,1992-03-20 07:00:00,24.22,30.69,26.56,128.3,90.6,3.94,NA,"N ",NA,NA
"229",229,1992-03-30 07:00:00,24.14,31.4,27.07,49.5,87.4,4.9,NA,"N ",NA,NA
"230",230,1992-04-09 07:00:00,24.1,31.86,27.33,15.1,86.5,4.88,NA,"N ",NA,NA
"231",231,1992-04-19 07:00:00,23.88,32.37,27.37,142.7,87.7,6.02,NA,"N ",NA,NA
"232",232,1992-04-29 07:00:00,24.16,30.98,26.93,158.5,88.9,4.96,NA,"N ",5,360
"233",233,1992-05-09 07:00:00,24.08,31.98,27.54,79.7,86.8,6.46,NA,"N ",5,340
"234",234,1992-05-19 07:00:00,24.04,32.49,27.57,109.666666666667,86.7,5.88,NA,"N ",3,50
"235",235,1992-05-29 07:00:00,23.98,31.59,27.01,72.3,88.9,5.61,NA,"N ",NA,NA
"236",236,1992-06-08 07:00:00,23.87,31.32,26.7,114,89.1,4.71,NA,"N ",NA,NA
"237",237,1992-06-18 07:00:00,23.02,31.94,27.12,0,80.9,6.71,1.75,"N ",NA,NA
"238",238,1992-06-28 07:00:00,23.4,33.1,27.25,75.5,84.7,6.77,1.7,"N ",NA,NA
"239",239,1992-07-08 07:00:00,23.18,31.63,26.57,61.1,84.1,5.73,2.11111111111111,"N ",NA,NA
"240",240,1992-07-18 07:00:00,23.08,31.64,26.64,14.6666666666667,83.9,6.09,2.2,"E ",NA,NA
"241",241,1992-07-28 07:00:00,23.02,31.22,26.45,59.2,86.4,5.74,1.875,"N ",NA,NA
"242",242,1992-08-07 07:00:00,22.27,31.29,26.28,0,82.3,6.55,2.4,"N ",NA,NA
"243",243,1992-08-17 07:00:00,22.74,31.9,26.86,5.7,84.6,6.78,2.4,"S ",NA,NA
"244",244,1992-08-27 07:00:00,23.66,31.49,27.22,81.8,84.1,6.21,1,"N ",NA,NA
"245",245,1992-09-06 07:00:00,22.92,31.4,26.37,33.6,87.2,5.07,1.57142857142857,"N ",NA,NA
"246",246,1992-09-16 07:00:00,22.9,31.27,26.38,105.6,87.4,5.32,1.875,"N ",NA,NA
"247",247,1992-09-26 07:00:00,23.28,30.65,26.49,125.8,86.6,5.21,1.5,"N ",NA,NA
"248",248,1992-10-06 07:00:00,23.46,31.1,26.63,152.8,88.4,5.53,1.25,"N ",NA,NA
"249",249,1992-10-16 07:00:00,23.44,31.75,27.55,92.2,83.5,6.86,1,"N ",NA,NA
"250",250,1992-10-26 07:00:00,23.06,30.6,26.4,169.5,86.8,5.4,NA,"N ",NA,NA
"251",251,1992-11-05 07:00:00,23.44,30.54,26.26,373.9,89.7,4.55,1.14285714285714,"N ",NA,NA
"252",252,1992-11-15 07:00:00,23.46,30.24,26.17,183.1,89.2,4.72,1.16666666666667,"N ",NA,NA
"253",253,1992-11-25 07:00:00,23.76,29.75,26.41,87.8,88.1,4.46,NA,"N ",NA,NA
"254",254,1992-12-05 07:00:00,23.36,30.12,26.21,196.1,88.6,4.3,NA,"N ",NA,NA
"255",255,1992-12-15 07:00:00,23.48,30.18,26.28,218.2,88.7,4.76,NA,"N ",NA,NA
"256",256,1992-12-25 07:00:00,23.16,30.66,26.49,68.8888888888889,87.9,4.52,NA,"N ",NA,NA
"257",257,1993-01-04 07:00:00,23.36,30.88,26.84,124.3,86.4,6.05,NA,"N ",4,340
"258",258,1993-01-14 07:00:00,23.96,29.56,26.28,352.9,88.5,3.1,NA,"N ",13,310
"259",259,1993-01-24 07:00:00,24.68,30.22,27.23,1.6,78.1,6.89,3.4,"NW",13,340
"260",260,1993-02-03 07:00:00,24.21,30.68,27.06,98.1,85.3,6.28,2.125,"N ",NA,NA
"261",261,1993-02-13 07:00:00,23.9,30.82,27.16,140.4,83.4,6.15,1.4,"N ",NA,NA
"262",262,1993-02-23 07:00:00,23.36,31.07,26.88,136.4,84.6,5.8,1.125,"N ",NA,NA
"263",263,1993-03-05 07:00:00,23.6,30.64,26.58,70.2,87,5.33,1,"N ",NA,NA
"264",264,1993-03-15 07:00:00,23.48,30.58,26.29,88.1,89.2,3.41,NA,"N ",NA,NA
"265",265,1993-03-25 07:00:00,23.62,30.04,26.21,253.1,88.7,3.44,NA,"N ",NA,NA
"266",266,1993-04-04 07:00:00,23.74,31.84,27.07,29.4,86.3,5.74,NA,"N ",NA,NA
"267",267,1993-04-14 07:00:00,23.44,31.37,26.95,89.3,87.9,4.56,NA,"N ",NA,NA
"268",268,1993-04-24 07:00:00,24.24,32.2,27.62,72.3,87.4,6.8,1.25,"N ",NA,NA
"269",269,1993-05-04 07:00:00,24.02,31.6,27.26,133.6,88.1,5.53,NA,"N ",NA,NA
"270",270,1993-05-14 07:00:00,24.1,31.52,26.9,196.2,88.7,5.17,1.16666666666667,"N ",NA,NA
"271",271,1993-05-24 07:00:00,24.47,31.58,27.14,120.8,89.2,4.15,NA,"N ",NA,NA
"272",272,1993-06-03 07:00:00,24.24,31.54,27.31,15.5,87.5,5.36,1.28571428571429,"N ",NA,NA
"273",273,1993-06-13 07:00:00,23.56,31.65,26.99,71.7,86,6.87,1.33333333333333,"N ",NA,NA
"274",274,1993-06-23 07:00:00,23.8,30.74,26.55,135.4,87.5,4.65,2,"N ",NA,NA
"275",275,1993-07-03 07:00:00,22.22,31.24,26.15,3.6,84.1,6.09,1.88888888888889,"E ",NA,NA
"276",276,1993-07-13 07:00:00,23.34,31.9,26.98,26.2,83.9,5.9,2.1,"E ",NA,NA
"277",277,1993-07-23 07:00:00,22.88,32.08,26.81,1.8,82.2,7.02,2.33333333333333,"E ",NA,NA
"278",278,1993-08-02 07:00:00,22.33,31.76,26.37,0,84.1,7.43,2.5,"E ",NA,NA
"279",279,1993-08-12 07:00:00,23.16,32.44,27.17,0,83.3,7.3,3.55555555555556,"E ",NA,NA
"280",280,1993-08-22 07:00:00,22.86,31.66,26.68,2.22222222222222,82.8,5.34,2.44444444444444,"E ",NA,NA
"281",281,1993-09-01 07:00:00,22.78,31.56,26.39,85.5,84.2,5.14,2.55555555555556,"N ",NA,NA
"282",282,1993-09-11 07:00:00,23.2,31.04,26.36,86.2,85.6,4.66,2.625,"SE",NA,NA
"283",283,1993-09-21 07:00:00,23.36,31.77,27,18.6,84.2,5.33,5.42857142857143,"SE",NA,NA
"284",284,1993-10-01 07:00:00,23.48,32.44,27.35,58.4444444444444,83.1,6.41,3.1,"E ",NA,NA
"285",285,1993-10-11 07:00:00,23.26,30.71,26.25,121,87.6,4.97,1.77777777777778,"N ",NA,NA
"286",286,1993-10-21 07:00:00,23.18,31.14,26.56,103.555555555556,86.8,4.81,1.5,"N ",NA,NA
"287",287,1993-10-31 07:00:00,23.98,30.58,26.5,139.3,90.6,3.97,NA,"N ",NA,NA
"288",288,1993-11-10 07:00:00,23.84,30.41,26.56,159.7,89.8,4.12,NA,"N ",NA,NA
"289",289,1993-11-20 07:00:00,24.24,31.54,27.18,108.3,87.2,6.37,1.28571428571429,"N ",NA,NA
"290",290,1993-11-30 07:00:00,24,31.06,26.74,137.1,88,4.99,NA,"N ",NA,NA
"291",291,1993-12-10 07:00:00,24.32,31.18,27.28,115.9,86.7,4.54,NA,"N ",NA,NA
"292",292,1993-12-20 07:00:00,24.34,30.04,26.78,117.3,85.5,4.45,1.83333333333333,"N ",NA,NA
"293",293,1993-12-30 07:00:00,24.14,31.05,27.05,55,84.9,5.07,1.33333333333333,"N ",NA,NA
"294",294,1994-01-09 07:00:00,23.92,30.58,26.83,124.1,85.1,5.04,1.57142857142857,"N ",NA,NA
"295",295,1994-01-19 07:00:00,24.02,29.98,26.74,155.8,86.8,5.32,2.71428571428571,"NW",NA,NA
"296",296,1994-01-29 07:00:00,23.62,30,26.06,137,91.4,3.8,NA,"N ",NA,NA
"297",297,1994-02-08 07:00:00,23.72,30.82,26.6,65.7,88.8,4.73,1.16666666666667,"N ",NA,NA
"298",298,1994-02-18 07:00:00,24.1,31.68,27.48,0,85.1,6.49,1.6,"N ",NA,NA
"299",299,1994-02-28 07:00:00,24.22,30.76,26.76,124.2,89.3,3.63,NA,"N ",NA,NA
"300",300,1994-03-10 07:00:00,23.9,30.44,26.66,45.2,88.2,3.62,NA,"N ",NA,NA
"301",301,1994-03-20 07:00:00,23.7,30.3,26.25,219.9,89.9,3.92,NA,"N ",NA,NA
"302",302,1994-03-30 07:00:00,23.94,31.48,27.1,23.9,85.8,6.06,NA,"N ",NA,NA
"303",303,1994-04-09 07:00:00,24.26,31.66,27.18,91.2222222222222,88,4.76,NA,"N ",NA,NA
"304",304,1994-04-19 07:00:00,23.84,31.74,27.12,139.7,87.4,5.67,1.77777777777778,"N ",NA,NA
"305",305,1994-04-29 07:00:00,24.28,31.66,27.03,193.333333333333,88.6,5.29,1.625,"N ",NA,NA
"306",306,1994-05-09 07:00:00,23.82,32,27.28,60.1,86.5,6.11,2.22222222222222,"N ",NA,NA
"307",307,1994-05-19 07:00:00,24.02,31.82,27.17,77.6,89.4,6.16,2.375,"N ",NA,NA
"308",308,1994-05-29 07:00:00,23.88,31.62,26.86,29.4444444444444,88.2,5.99,1.7,"N ",NA,NA
"309",309,1994-06-08 07:00:00,23.64,31.14,26.6,57.9,87.6,4.53,2.11111111111111,"E ",NA,NA
"310",310,1994-06-18 07:00:00,23.26,31.44,26.6,73.6,86.2,5.56,2.3,"N ",NA,NA
"311",311,1994-06-28 07:00:00,23.56,30.94,26.56,47.8,85.3,5.59,2.2,"E ",NA,NA
"312",312,1994-07-08 07:00:00,22.74,31.4,26.58,0,84.5,7.45,2.8,"E ",NA,NA
"313",313,1994-07-18 07:00:00,21.76,31.36,25.88,0,85.6,7.82,3.4,"E ",NA,NA
"314",314,1994-07-28 07:00:00,22.98,31.64,26.38,0,85.4,7.56,2.9,"E ",NA,NA
"315",315,1994-08-07 07:00:00,22.72,31.48,26.52,10.1,84.5,6.7625,3.2,"E ",NA,NA
"316",316,1994-08-17 07:00:00,22.12,31.84,26.39,0,82.6,NA,3.9,"S ",NA,NA
"317",317,1994-08-27 07:00:00,21.56,31.55,25.92,0,83.5,7.71,4.1,"S ",NA,NA
"318",318,1994-09-06 07:00:00,22.5,31.89,26.39,0,81.7,6.54,3.66666666666667,"S ",NA,NA
"319",319,1994-09-16 07:00:00,22.2,32.06,26.31,0,82.8,5.27,3.6,"S ",NA,NA
"320",320,1994-09-26 07:00:00,22.6,31.36,26.26,1.2,85.1,1.48,2.7,"S ",NA,NA
"321",321,1994-10-06 07:00:00,23.12,31.18,26.25,46,86.2,4.16,2,"N ",NA,NA
"322",322,1994-10-16 07:00:00,22.58,31.1,26.09,13.4,84.7,5.16,2.44444444444444,"N ",NA,NA
"323",323,1994-10-26 07:00:00,22.6,31.11,26.15,253.8,86.7,3.61,2.125,"N ",NA,NA
"324",324,1994-11-05 07:00:00,23.02,30.78,26.04,261,90.3,4.44,2,"N ",NA,NA
"325",325,1994-11-15 07:00:00,24.04,31.19,26.94,NA,87.3,5.66,NA,"N ",NA,NA
"326",326,1994-11-25 07:00:00,24.02,29.52,26.08,282,92,3.66,1.83333333333333,"N ",NA,NA
"327",327,1994-12-05 07:00:00,24.1,29.98,26.24,78.7,90.4,3.71,1.83333333333333,"N ",NA,NA
"328",328,1994-12-15 07:00:00,24.3,29.37,26.51,422.222222222222,90.6,2.8,2,"N ",NA,NA
"329",329,1994-12-25 07:00:00,24.46,30.69,27.09,253.1,89.8,5.16,1.5,"N ",NA,NA
"330",330,1995-01-04 07:00:00,23.76,30.12,26.39,195.8,90.2,3.78,2.85714285714286,"N ",NA,NA
"331",331,1995-01-14 07:00:00,23.96,29.84,26.44,245.3,89.1,3.55,2.14285714285714,"N ",NA,NA
"332",332,1995-01-24 07:00:00,24.04,31.14,26.78,92.1,87.8,5.52,2,"N ",NA,NA
"333",333,1995-02-03 07:00:00,23.42,29.85,26.1,145.3,90.1,3.69,2.16666666666667,"N ",NA,NA
"334",334,1995-02-13 07:00:00,24.3,30.36,26.68,41.8,87.5,2.38,NA,"N ",NA,NA
"335",335,1995-02-23 07:00:00,23.78,30.2,26.41,170.5,87.9,4.5,2,"NW",NA,NA
"336",336,1995-03-05 07:00:00,24.54,31.32,27.44,14.8,84.7,6.55,1.88888888888889,"N ",NA,NA
"337",337,1995-03-15 07:00:00,24.12,31.22,26.98,16.9,86.9,4.81,1.75,"N ",NA,NA
"338",338,1995-03-25 07:00:00,24.48,31.1,27.24,97.6,87.3,5.12,2.16666666666667,"N ",NA,NA
"339",339,1995-04-04 07:00:00,24.36,31.04,27.06,91.625,88.6,4.5,NA,"N ",NA,NA
"340",340,1995-04-14 07:00:00,24.34,31.68,27.5,126,88,5.49,1.57142857142857,"N ",NA,NA
"341",341,1995-04-24 07:00:00,24.44,31.6,27.35,338.666666666667,88.7,4.81,NA,"N ",NA,NA
"342",342,1995-05-04 07:00:00,24.66,30.98,27.03,227.2,90.6,3.15,2.5,"N ",NA,NA
"343",343,1995-05-14 07:00:00,24.5,32.38,27.83,79.2,86.6,5.56,1.75,"N ",NA,NA
"344",344,1995-05-24 07:00:00,25.58,32.59,27.9,19.6,85.9,6.8,1.9,"N ",NA,NA
"345",345,1995-06-03 07:00:00,24.36,32.34,27.53,39.8888888888889,87.9,5.62,2.22222222222222,"N ",NA,NA
"346",346,1995-06-13 07:00:00,24.2,31.74,27.3,41.8,88.2,4.9,1.83333333333333,"N ",NA,NA
"347",347,1995-06-23 07:00:00,24.22,32.14,27.51,261.5,87.3,5.65,2,"N ",NA,NA
"348",348,1995-07-03 07:00:00,23.6,30.72,26.37,162.5,90.3,4.99,NA,"N ",NA,NA
"349",349,1995-07-13 07:00:00,23.52,31.32,26.56,83.8,86.7,4.62,2.33333333333333,"E ",NA,NA
"350",350,1995-07-23 07:00:00,23.28,31.1,26.34,109.9,86.7,5.87,3.1,"E ",NA,NA
"351",351,1995-08-02 07:00:00,23.74,30.39,26.21,75,90.1,3.35,2.5,"N ",NA,NA
"352",352,1995-08-12 07:00:00,24.02,31.42,26.91,15.2,87,4.3,3.1,"E ",NA,NA
"353",353,1995-08-22 07:00:00,23.98,31.3,27.15,60.8,85.7,5.01,3.1,"E ",NA,NA
"354",354,1995-09-01 07:00:00,23.86,31.62,26.82,86.4444444444444,88.6,3.68,2.1,"N ",NA,NA
"355",355,1995-09-11 07:00:00,23.01,30.63,26.33,28.8,87.5,5.56,2.8,"SE",NA,NA
"356",356,1995-09-21 07:00:00,23.76,31.73,27.1,11.1,85.4,5.22,2.28571428571429,"N ",NA,NA
"357",357,1995-10-01 07:00:00,23.58,31.36,26.38,35.9,88.2,4.74,2,"N ",NA,NA
"358",358,1995-10-11 07:00:00,23.54,31.08,26.44,181.5,87.6,5.07,2.5,"N ",NA,NA
"359",359,1995-10-21 07:00:00,24.02,30.9,27.03,22.6666666666667,86.9,5.13,1.5,"N ",NA,NA
"360",360,1995-10-31 07:00:00,24.2,31.26,27.19,135,86.8,5,1.66666666666667,"N ",NA,NA
"361",361,1995-11-10 07:00:00,24.14,29.88,26.56,201.888888888889,88.8,4.61111111111111,1.71428571428571,"N ",NA,NA
"362",362,1995-11-20 07:00:00,24.18,30.46,26.79,NA,85.6,4.32,2.42857142857143,"N ",NA,NA
"363",363,1995-11-30 07:00:00,23.86,28.96,26.07,312.1,90.6,1.8,3.28571428571429,"N ",NA,NA
"364",364,1995-12-10 07:00:00,24.98,30.56,27.34,14.5555555555556,84.2,5.22,2.5,"N ",NA,NA
"365",365,1995-12-20 07:00:00,24.28,29.97,26.35,151.1,90.2,4.82,2,"N ",NA,NA
"366",366,1995-12-30 07:00:00,25.02,29.33,26.85,118.3,86.9,5.2,2.55555555555556,"N ",NA,NA
"367",367,1996-01-09 07:00:00,23.68,29.89,26.21,138.7,90.3,4.75,1.66666666666667,"N ",NA,NA
"368",368,1996-01-19 07:00:00,24.66,29.82,27.02,8.55555555555556,86,5.62,2.22222222222222,"N ",NA,NA
"369",369,1996-01-29 07:00:00,23.86,28.88,25.97,133.111111111111,90.3,3.16,2,"N ",NA,NA
"370",370,1996-02-08 07:00:00,24.68,30.18,27,51,87.7,5.64,2,"N ",NA,NA
"371",371,1996-02-18 07:00:00,24.06,30.16,26.46,84.2,86.6,5.59,2.5,"N ",NA,NA
"372",372,1996-02-28 07:00:00,25.12,30.39,27.43,0,83.5,7.64,2.9,"NW",NA,NA
"373",373,1996-03-09 07:00:00,24.52,30.46,26.79,42.2,88.6,4.28,1.85714285714286,"N ",NA,NA
"374",374,1996-03-19 07:00:00,23.74,30.26,26.26,179.4,90.4,3.41,NA,"N ",NA,NA
"375",375,1996-03-29 07:00:00,24.36,31.08,27.29,70.3,87.1,4.63,1.42857142857143,"N ",NA,NA
"376",376,1996-04-08 07:00:00,24.3,31.1,27.19,59.1,87,5.32,NA,"N ",NA,NA
"377",377,1996-04-18 07:00:00,23.86,31.98,27.3,93.9,86.4,6.52,NA,"N ",NA,NA
"378",378,1996-04-28 07:00:00,24.78,32.64,27.82,10.5555555555556,84.2,6.32,2,"N ",NA,NA
"379",379,1996-05-08 07:00:00,23.48,32.26,27.4,0,82.1,7.97,1.8,"N ",NA,NA
"380",380,1996-05-18 07:00:00,24.24,33.16,27.82,13.1,84.9,6.35,2.2,"N ",NA,NA
"381",381,1996-05-28 07:00:00,24.02,31.44,26.58,40.9,88.6,4.96,2,"N ",NA,NA
"382",382,1996-06-07 07:00:00,23.82,31.4,26.88,112.6,88.1,4.11,2.14285714285714,"N ",NA,NA
"383",383,1996-06-17 07:00:00,23.64,31.66,26.9,59.5,87.2,5.7,1.55555555555556,"N ",NA,NA
"384",384,1996-06-27 07:00:00,23.92,31.26,26.67,134.8,88,5.57,1.875,"N ",NA,NA
"385",385,1996-07-07 07:00:00,23.12,30.47,26.26,111.333333333333,87.9,4.48,1.9,"N ",NA,NA
"386",386,1996-07-17 07:00:00,23.56,31.72,26.99,9.2,82.5,7.35,2.8,"S ",NA,NA
"387",387,1996-07-27 07:00:00,23.44,31.66,26.96,2.8,84,7.11,2.55555555555556,"S ",NA,NA
"388",388,1996-08-06 07:00:00,22.76,31.36,26.27,18.6666666666667,85.9,5.86,2.6,"N ",NA,NA
"389",389,1996-08-16 07:00:00,23.02,30.64,26.07,153.9,87.3,4.27,2.42857142857143,"N ",NA,NA
"390",390,1996-08-26 07:00:00,23.06,30.2,25.82,166.5,88.4,3.99,NA,"N ",NA,NA
"391",391,1996-09-05 07:00:00,23.52,31.54,26.75,62.6,87.1,5.96,2.22222222222222,"N ",NA,NA
"392",392,1996-09-15 07:00:00,23.81,31.36,27.14,51,86.2,5.18,2.33333333333333,"N ",NA,NA
"393",393,1996-09-25 07:00:00,23.62,31.58,26.84,35.6,85.7,5.44,1.57142857142857,"N ",NA,NA
"394",394,1996-10-05 07:00:00,23.83,31.03,26.8,94.8,86.5,5.03,2.14285714285714,"N ",NA,NA
"395",395,1996-10-15 07:00:00,24.08,30.73,26.42,210.8,89.2,4.42,NA,"N ",NA,NA
"396",396,1996-10-25 07:00:00,23.92,30.05,26.19,145,90.3,3.66,2.16666666666667,"N ",NA,NA
"397",397,1996-11-04 07:00:00,23.78,30.42,26.47,94.5,90.5,4.85,1.71428571428571,"N ",NA,NA
"398",398,1996-11-14 07:00:00,23.96,30.78,26.67,180,90.1,5.4,1.75,"N ",NA,NA
"399",399,1996-11-24 07:00:00,24.04,30.28,26.61,146,91,3.85,NA,"N ",NA,NA
"400",400,1996-12-04 07:00:00,23.76,30.49,26.4,78.2,91.2,4.5,1.85714285714286,"N ",NA,NA
"401",401,1996-12-14 07:00:00,24.35,29.96,26.73,172.1,90,2.45,2.375,"N ",NA,NA
"402",402,1996-12-24 07:00:00,25.18,30.44,27.45,14.4,83.2,5.45,3.1,"N ",NA,NA
"403",403,1997-01-03 07:00:00,24.68,30.5,27.31,108.4,83.2,5.8,2.1,"N ",NA,NA
"404",404,1997-01-13 07:00:00,24.28,30.18,26.95,67.7,84.1,5.02,2.5,"N ",NA,NA
"405",405,1997-01-23 07:00:00,25.36,30.78,27.76,2.9,80.4444444444444,5.64,2.44444444444444,"NW",NA,NA
"406",406,1997-02-02 07:00:00,23.77,29.82,26.79,37.3,85.1,5.17,1.88888888888889,"N ",NA,NA
"407",407,1997-02-12 07:00:00,24.54,30.56,27.17,85.6,84.1,5.18,2.77777777777778,"N ",NA,NA
"408",408,1997-02-22 07:00:00,25.32,30.46,27.57,7.1,84.2,6.02,2.6,"NW",NA,NA
"409",409,1997-03-04 07:00:00,23.74,30.83,27.38,1.7,84.3,6.55,2,"N ",NA,NA
"410",410,1997-03-14 07:00:00,24.2,31.68,27.24,48.2,86.2,6.28,1.71428571428571,"N ",NA,NA
"411",411,1997-03-24 07:00:00,23.92,31.47,27.11,133.2,89.6,4.45,1.83333333333333,"N ",NA,NA
"412",412,1997-04-03 07:00:00,23.58,31.1,26.93,74.2,86.8,5.88,NA,"N ",NA,NA
"413",413,1997-04-13 07:00:00,23.54,31.26,26.85,181.7,87,5.53,NA,"N ",NA,NA
"414",414,1997-04-23 07:00:00,24.04,31.07,26.67,124,93.1,3.65,2.16666666666667,"N ",NA,NA
"415",415,1997-05-03 07:00:00,24.18,31.5,27.1,83.8,90.1,5.2,2.14285714285714,"N ",NA,NA
"416",416,1997-05-13 07:00:00,24.2,31.1,27.14,119,89.9,4.72,1.57142857142857,"N ",NA,NA
"417",417,1997-05-23 07:00:00,24.14,32.56,27.83,0,85.6,7.54,2.4,"N ",NA,NA
"418",418,1997-06-02 07:00:00,24.06,31.86,27.51,45.9,86.2,5.71,1.77777777777778,"N ",NA,NA
"419",419,1997-06-12 07:00:00,23.67,32.27,27.37,0,86,7.41,2,"N ",NA,NA
"420",420,1997-06-22 07:00:00,23.44,31.96,27.03,1.77777777777778,86.6,6.97,2.8,"E ",NA,NA
"421",421,1997-07-02 07:00:00,22.54,30.6,26.04,111.1,87.7,6.13,2.55555555555556,"N ",NA,NA
"422",422,1997-07-12 07:00:00,23.01,31.56,26.64,14.2,85.2,6.52,2.6,"N ",NA,NA
"423",423,1997-07-22 07:00:00,22.48,31.3,26.35,0,85.8,7.71,2.6,"N ",NA,NA
"424",424,1997-08-01 07:00:00,22.83,32.19,26.84,0,84.1,7.75,2.8,"E ",NA,NA
"425",425,1997-08-11 07:00:00,21.8,31.7,26.16,0,85.3,7.86,3.4,"S ",NA,NA
"426",426,1997-08-21 07:00:00,22.46,31.74,26.54,0,85.1,6.41,3.3,"S ",NA,NA
"427",427,1997-08-31 07:00:00,NA,NA,NA,0,NA,NA,NA,NA,NA,NA
"428",428,1997-09-10 07:00:00,NA,NA,NA,0,NA,NA,NA,NA,NA,NA
"429",429,1997-09-20 07:00:00,NA,NA,NA,0,NA,NA,NA,NA,NA,NA
"430",430,1997-09-30 07:00:00,23.2666666666667,30.5333333333333,26.2222222222222,52.1111111111111,85.3333333333333,0.677777777777778,2.66666666666667,"N ",NA,NA
"431",431,1997-10-10 07:00:00,22.98,30.52,26.26,0,85.8,0,1.9,"N ",NA,NA
"432",432,1997-10-20 07:00:00,23.5,31.06,26.64,9.7,86,0.45,1.875,"N ",NA,NA
"433",433,1997-10-30 07:00:00,23.34,31.2,26.78,77.25,86.6,2.29,1.77777777777778,"N ",NA,NA
"434",434,1997-11-09 07:00:00,23.76,30.92,26.71,41,87.6,2.46,1.88888888888889,"N ",NA,NA
"435",435,1997-11-19 07:00:00,23.48,30.62,26.66,82.1,86,3.48,1.33333333333333,"N ",NA,NA
"436",436,1997-11-29 07:00:00,23.76,31.14,26.83,147.7,88.8,3.95,NA,"N ",NA,NA
"437",437,1997-12-09 07:00:00,23.84,31.1,27.16,191.4,87.4,4.8,1.22222222222222,"N ",NA,NA
"438",438,1997-12-19 07:00:00,23.82,30.68,26.83,291.6,88.7,4.67,2,"N ",NA,NA
"439",439,1997-12-29 07:00:00,24.1,31.22,27.09,114.375,87.4,5.2,1.71428571428571,"N ",NA,NA
"440",440,1998-01-08 07:00:00,24.8,31.22,27.36,154.8,90.3,4.46,1.83333333333333,"N ",NA,NA
"441",441,1998-01-18 07:00:00,24.36,31.74,27.53,185.2,86.8,5.16,2,"N ",NA,NA
"442",442,1998-01-28 07:00:00,24.8,30.84,27.48,218.555555555556,89.1,4.48,1.44444444444444,"N ",NA,NA
"443",443,1998-02-07 07:00:00,24.64,31.32,27.54,238,89.3,4.5,1.77777777777778,"N ",NA,NA
"444",444,1998-02-17 07:00:00,24.72,31.76,27.86,130.2,85.8,4.84,2.11111111111111,"N ",NA,NA
"445",445,1998-02-27 07:00:00,24.16,30.98,27.34,268.1,88.4,3.44,NA,"N ",NA,NA
"446",446,1998-03-09 07:00:00,24.58,32.14,27.99,218.5,86.4,5.49,1.75,"N ",NA,NA
"447",447,1998-03-19 07:00:00,24.87,31.52,27.68,88.2222222222222,88.8,3.55,NA,"N ",NA,NA
"448",448,1998-03-29 07:00:00,24.78,31.1,27.62,212.5,89.1,3.27,1.5,"N ",NA,NA
"449",449,1998-04-08 07:00:00,25.2,31.78,27.75,143.111111111111,88.7,4.18,1.85714285714286,"N ",NA,NA
"450",450,1998-04-18 07:00:00,25.06,32.3,28.15,86.1,86.6,5.28,1.625,"N ",NA,NA
"451",451,1998-04-28 07:00:00,24.72,31.48,27.52,274.5,89,4.2,1.75,"N ",NA,NA
"452",452,1998-05-08 07:00:00,25.14,31.32,27.64,82.6,89,3.46,1.66666666666667,"N ",NA,NA
"453",453,1998-05-18 07:00:00,25.14,32.58,28.2,13.6,87,5.22,1.75,"N ",NA,NA
"454",454,1998-05-28 07:00:00,24.84,31.96,27.61,148.666666666667,87.4,4.73,1.875,"N ",NA,NA
"455",455,1998-06-07 07:00:00,24.48,32.24,27.67,166.5,85,6.56,NA,"N ",NA,NA
"456",456,1998-06-17 07:00:00,23.98,31.48,27.17,112.3,86.7,5.14,1.5,"N ",NA,NA
"457",457,1998-06-27 07:00:00,24.68,32.24,27.8,1.88888888888889,83.9,5.35,1.5,"N ",NA,NA
"458",458,1998-07-07 07:00:00,23.84,31.32,26.86,92.3,85.6,4.92,1.6,"N ",NA,NA
"459",459,1998-07-17 07:00:00,23.78,31.04,26.67,168.5,88.8,5.12,1.42857142857143,"N ",NA,NA
"460",460,1998-07-27 07:00:00,24.14,31.4,27.17,60.1,85.7,4.59,1.77777777777778,"N ",NA,NA
"461",461,1998-08-06 07:00:00,24.04,31.19,26.87,105.2,86.8,4.6,2,"N ",NA,NA
"462",462,1998-08-16 07:00:00,23.66,30.26,26.65,162.9,89,3.82,2,"N ",NA,NA
"463",463,1998-08-26 07:00:00,23.9,31.68,27.07,62.6,87,5.59,2.125,"N ",NA,NA
"464",464,1998-09-05 07:00:00,24.18,31.92,27.52,97.2,83.7,6.43,2.5,"N ",NA,NA
"465",465,1998-09-15 07:00:00,24.78,31.14,27.21,57.1111111111111,87,3.67,2.11111111111111,"N ",NA,NA
"466",466,1998-09-25 07:00:00,23.78,31.56,27.09,86.9,87.2,4.59,1.875,"N ",NA,NA
"467",467,1998-10-05 07:00:00,24.64,31.76,27.25,91.3,87,4.98,1.55555555555556,"N ",NA,NA
"468",468,1998-10-15 07:00:00,23.58,30.54,26.4,200.3,90.6,3.69,NA,"N ",NA,NA
"469",469,1998-10-25 07:00:00,24.36,30.59,26.71,136.6,88.8,3.66,1.83333333333333,"N ",NA,NA
"470",470,1998-11-04 07:00:00,24.08,30.61,26.87,136,89,2.89,1.875,"N ",NA,NA
"471",471,1998-11-14 07:00:00,24.11,31.5,27.1,28.9,87,6.32,2,"N ",NA,NA
"472",472,1998-11-24 07:00:00,24.14,30.5,26.87,25.4,86.2,4.44,1.75,"N ",NA,NA
"473",473,1998-12-04 07:00:00,23.96,30.22,26.31,128,89.8,4.04,2.125,"N ",NA,NA
"474",474,1998-12-14 07:00:00,23.34,30.3,26.14,706.888888888889,89,3.88,2,"N ",NA,NA
"475",475,1998-12-24 07:00:00,23.92,29.6,26.2,201,88.4,2.37,2.66666666666667,"N ",NA,NA
"476",476,1999-01-03 07:00:00,24.54,29.8,26.68,177.2,86.5,4.12,2.5,"N ",NA,NA
"477",477,1999-01-13 07:00:00,24.22,30.18,26.56,44.2,87.3,3.64,1.42857142857143,"N ",NA,NA
"478",478,1999-01-23 07:00:00,23.86,29.56,26.36,146.4,90.1,2.14,2.42857142857143,"N ",NA,NA
"479",479,1999-02-02 07:00:00,25.24,30.64,27.53,20.2,82.9,5.97,2.7,"NW",NA,NA
"480",480,1999-02-12 07:00:00,24.34,31.44,27.63,185.4,82.7,6.57,2.2,"N ",NA,NA
"481",481,1999-02-22 07:00:00,23.56,29.64,26.05,124.5,89.6,2.28,NA,"N ",NA,NA
"482",482,1999-03-04 07:00:00,23.96,30.8,27.01,74.6,87.6,4.24,2.28571428571429,"N ",NA,NA
"483",483,1999-03-14 07:00:00,24.54,31.28,26.97,63.4,87.2,4.23,1.55555555555556,"N ",NA,NA
"484",484,1999-03-24 07:00:00,24.28,31.3,27.22,5.5,86,5.57,1.85714285714286,"N ",NA,NA
"485",485,1999-04-03 07:00:00,24.34,31.36,27.35,86.6,87.2,4.42,1.83333333333333,"N ",NA,NA
"486",486,1999-04-13 07:00:00,23.92,31.26,27.08,69.6,85.7,6.28,2.42857142857143,"N ",NA,NA
"487",487,1999-04-23 07:00:00,23.82,32.02,27.25,36.6,86,5.94,1.875,"N ",NA,NA
"488",488,1999-05-03 07:00:00,23.58,31.48,26.96,48,87.2,4.94,1.83333333333333,"N ",NA,NA
"489",489,1999-05-13 07:00:00,24.04,31.72,26.8,103.5,88.2,5.53,1.875,"N ",NA,NA
"490",490,1999-05-23 07:00:00,23.58,31.06,26.81,62.6,85.6,5.25,2.11111111111111,"N ",NA,NA
"491",491,1999-06-02 07:00:00,23.18,32,26.8,19.3,86,4.77,2.5,"N ",NA,NA
"492",492,1999-06-12 07:00:00,23.61,31.95,27.2,15.9,84.9,5.58,2.88888888888889,"N ",NA,NA
"493",493,1999-06-22 07:00:00,22.96,31.78,26.68,75.6,90.7,7.21,2.1,"N ",NA,NA
"494",494,1999-07-02 07:00:00,23.02,30.64,26.17,134.8,86.6,5.06,2,"N ",NA,NA
"495",495,1999-07-12 07:00:00,23.02,30.76,26.14,56.5,86.2,5.92,2.22222222222222,"N ",NA,NA
"496",496,1999-07-22 07:00:00,22.38,31.14,26.29,0,84.2,7.81,2.8,"S ",NA,NA
"497",497,1999-08-01 07:00:00,22.92,31.22,26.61,28.6,84.3,5.81,3.5,"E ",NA,NA
"498",498,1999-08-11 07:00:00,22.92,30.4,26.06,165,83.5,6.07,2.75,"N ",NA,NA
"499",499,1999-08-21 07:00:00,22.74,30.74,26.12,42.2222222222222,86.4,5.02,2.33333333333333,"N ",NA,NA
"500",500,1999-08-31 07:00:00,21.96,31.61,26.19,47.7777777777778,83.9,7.24,2.11111111111111,"N ",NA,NA
"501",501,1999-09-10 07:00:00,22.88,30.9,26.36,296.7,86.3,5.03,2,"N ",NA,NA
"502",502,1999-09-20 07:00:00,23.3,30.62,26.13,89.7,88.3,4.23,NA,"N ",NA,NA
"503",503,1999-09-30 07:00:00,23.92,30.64,26.13,158.111111111111,89.9,3.13,NA,"N ",NA,NA
"504",504,1999-10-10 07:00:00,23.62,30.16,26.28,232.5,89.1,5.15,NA,"N ",NA,NA
"505",505,1999-10-20 07:00:00,23.9,30.68,26.96,206.6,87.1,4.92,NA,"N ",NA,NA
"506",506,1999-10-30 07:00:00,23.78,30.16,26.48,168.6,88.5,4.11,NA,"N ",NA,NA
"507",507,1999-11-09 07:00:00,23.9,29.94,26.45,198.8,89,3.45,NA,"N ",NA,NA
"508",508,1999-11-19 07:00:00,23.82,30.76,26.88,125.3,87.7,5.66,1.875,"N ",NA,NA
"509",509,1999-11-29 07:00:00,24.34,30.76,26.96,42,87.5,4.58,1.88888888888889,"N ",NA,NA
"510",510,1999-12-09 07:00:00,24.8,29.7,26.98,136.2,88.4,3.83,2.88888888888889,"W ",NA,NA
"511",511,1999-12-19 07:00:00,24.1,30.18,26.74,112.1,85.6,4.44,2.7,"N ",NA,NA
"512",512,1999-12-29 07:00:00,23.78,30.16,26.28,155,89.1,4.23,2.125,"N ",NA,NA
"513",513,2000-01-08 07:00:00,23.96,30.54,26.77,43.4,87.3,4.31,1.375,"N ",NA,NA
"514",514,2000-01-18 07:00:00,24.04,30.16,26.74,9.1,86.3,3.93,2.125,"N ",NA,NA
"515",515,2000-01-28 07:00:00,24.06,29.14,26.14,207.4,89.9,2.51,2.57142857142857,"N ",NA,NA
"516",516,2000-02-07 07:00:00,24.66,30.6,27.3,27.2222222222222,84.7,5.51,2.1,"N ",NA,NA
"517",517,2000-02-17 07:00:00,23.52,30.18,26.57,79.7777777777778,87.1,3.03,2,"N ",NA,NA
"518",518,2000-02-27 07:00:00,25.22,31.58,28.09,0,81.5,7.03,2.2,"N ",NA,NA
"519",519,2000-03-08 07:00:00,24.72,31.38,27.65,5.4,85.1,4.63,2,"N ",NA,NA
"520",520,2000-03-18 07:00:00,23.4,30.24,26.51,152.1,87.4,3.22,1.33333333333333,"N ",NA,NA
"521",521,2000-03-28 07:00:00,23.64,30.62,26.52,96.3,87.7,4.56,1.375,"N ",NA,NA
"522",522,2000-04-07 07:00:00,23.6,31.4,26.91,46.8,86.6,5.69,2.125,"N ",NA,NA
"523",523,2000-04-17 07:00:00,24.14,31.64,27.16,46.6,86.9,5.2,1.57142857142857,"N ",NA,NA
"524",524,2000-04-27 07:00:00,24.14,31.24,27.04,83.4,88.1,4.73,1.71428571428571,"N ",NA,NA
"525",525,2000-05-07 07:00:00,24.36,32.38,27.84,14.1,84.6,6.59,2.11111111111111,"N ",NA,NA
"526",526,2000-05-17 07:00:00,24.62,32.8,28.23,35,83.2,6.4,1.4,"N ",NA,NA
"527",527,2000-05-27 07:00:00,23.74,32.04,27.28,27.3,84.5,6.21,2.22222222222222,"N ",NA,NA
"528",528,2000-06-06 07:00:00,23.16,31.06,26.62,87.9,86,4.96,1.9,"N ",NA,NA
"529",529,2000-06-16 07:00:00,23.34,31.3,26.66,25.5555555555556,85.3,5.53,2.2,"N ",NA,NA
"530",530,2000-06-26 07:00:00,NA,NA,NA,12.4,NA,NA,NA,NA,NA,NA
"531",531,2000-07-06 07:00:00,NA,NA,NA,0,NA,NA,NA,NA,NA,NA
"532",532,2000-07-16 07:00:00,NA,NA,NA,0,NA,NA,NA,NA,NA,NA
"533",533,2000-07-26 07:00:00,NA,NA,NA,134.222222222222,NA,NA,NA,NA,NA,NA
"534",534,2000-08-05 07:00:00,23.28,30.96,26.13,234.6,85.7,5.98,2.7,"N ",NA,NA
"535",535,2000-08-15 07:00:00,22.62,30.48,26.17,0,84.2,6.22,2.9,"S ",NA,NA
"536",536,2000-08-25 07:00:00,23.68,32.2,27.39,7.5,84.9,7.31,3,"S ",NA,NA
"537",537,2000-09-04 07:00:00,23.96,32.14,27.38,12.4444444444444,82.2,6.35,3.3,"E ",NA,NA
"538",538,2000-09-14 07:00:00,23.54,31.5,26.77,80.2222222222222,86.5,5.11,2.5,"N ",NA,NA
"539",539,2000-09-24 07:00:00,23.72,30.92,26.36,160.8,89.1,4.13,1.75,"N ",NA,NA
"540",540,2000-10-04 07:00:00,24.02,30.6,26.87,56.9,86.6,5.84,2,"N ",NA,NA
"541",541,2000-10-14 07:00:00,24.5,31.42,27.19,77.8,86.7,4.63,1.66666666666667,"N ",NA,NA
"542",542,2000-10-24 07:00:00,24.04,30.36,26.63,68.5,87.6,3.59,1.71428571428571,"N ",NA,NA
"543",543,2000-11-03 07:00:00,24.06,30.74,26.85,157.3,87.2,4.19,1.57142857142857,"N ",NA,NA
"544",544,2000-11-13 07:00:00,24.51,30.93,27.34,260.7,86.5,5.09,1.625,"N ",NA,NA
"545",545,2000-11-23 07:00:00,24.28,29.34,26.52,138.4,88.6,2.07,2.3,"N ",NA,NA
"546",546,2000-12-03 07:00:00,24.54,30.74,27.25,23.2,86.9,5.23,1.9,"N ",NA,NA
"547",547,2000-12-13 07:00:00,24.12,31.12,27.14,81.9,86,5.33,1.7,"N ",NA,NA
"548",548,2000-12-23 07:00:00,24.14,30.42,26.65,205.2,88.8,3.61,1.71428571428571,"N ",NA,NA
"549",549,2001-01-02 07:00:00,23.56,30.62,26.69,198.777777777778,84.3,4,2,"N ",10,340
"550",550,2001-01-12 07:00:00,24.26,30.7,27,47.2,84.3,3.93,1.71428571428571,"N ",8,340
"551",551,2001-01-22 07:00:00,23.86,30.84,26.89,410.888888888889,86.8,4.79,2.14285714285714,"N ",8,280
"552",552,2001-02-01 07:00:00,23.9,29.22,26.14,143.6,88.8,2.43,2.22222222222222,"N ",12,300
"553",553,2001-02-11 07:00:00,25.16,30.38,27.63,35.1111111111111,83,5.37,4,"N ",10,340
"554",554,2001-02-21 07:00:00,23.8,30.98,27.15,87.9,84.7,4.7,1.625,"N ",7,360
"555",555,2001-03-03 07:00:00,24.36,31.22,27.31,9.33333333333333,86,6.08,1.9,"N ",8,260
"556",556,2001-03-13 07:00:00,24.28,31.66,27.59,43.4,86.1,6.84,1.77777777777778,"N ",5,290
"557",557,2001-03-23 07:00:00,24.14,31.32,27.11,53.3,86.6,5.08,1.85714285714286,"N ",9,170
"558",558,2001-04-02 07:00:00,24.06,31.18,27.23,32.2,87.4,4.06,1.66666666666667,"N ",6,260
"559",559,2001-04-12 07:00:00,23.84,30.84,26.7,70.7777777777778,87.4,4.57,1.5,"N ",5,250
"560",560,2001-04-22 07:00:00,24.52,31.52,27.22,134.1,86.8,4.84,1.55555555555556,"N ",6,250
"561",561,2001-05-02 07:00:00,24.42,32.28,27.83,95.8888888888889,84.3,5.5,1.625,"N ",6,70
"562",562,2001-05-12 07:00:00,24.36,32.5,27.57,46.9,85.3,5.69,1.875,"N ",9,360
"563",563,2001-05-22 07:00:00,24.26,32.68,27.7,100,84.5,6.97,2.3,"N ",10,90
"564",564,2001-06-01 07:00:00,23.56,31.32,26.75,237.6,87,4.73,1.44444444444444,"N ",9,70
"565",565,2001-06-11 07:00:00,23.74,30.67,26.68,122,86.8,5.9,1.85714285714286,"N ",9,190
"566",566,2001-06-21 07:00:00,23.58,31.86,27.26,0,84.1,7.4,1.42857142857143,"N ",6,100
"567",567,2001-07-01 07:00:00,21.92,31.56,26.49,0,80.2,7.79,1.2,"N ",6,200
"568",568,2001-07-11 07:00:00,23.62,31.88,27.24,23,86.1,6.8,NA,"N ",6,110
"569",569,2001-07-21 07:00:00,23.26,30.82,26.24,167,89.7,4.61,2.125,"N ",10,190
"570",570,2001-07-31 07:00:00,22.8,30.98,26.41,38.5,82.2,5.68,1.9,"N ",10,110
"571",571,2001-08-10 07:00:00,22.8,31.72,26.8,0.5,80.8,7.03,2.7,"N ",7,90
"572",572,2001-08-20 07:00:00,23.54,32.42,27.61,0,79.8,6.99,3.3,"S ",9,120
"573",573,2001-08-30 07:00:00,23.7,31.56,26.88,37.2222222222222,84.9,4.23,2.33333333333333,"N ",8,90
"574",574,2001-09-09 07:00:00,23.46,31.16,26.74,76.1,85.5,4.62,2.2,"N ",9,80
"575",575,2001-09-19 07:00:00,23.44,31.46,26.42,164.1,87.3,4.88,2,"N ",7,90
"576",576,2001-09-29 07:00:00,23.64,30.84,26.86,219.8,85.5,4.59,1.375,"N ",5,150
"577",577,2001-10-09 07:00:00,24.54,31.62,27.58,38.6,83.7,5.87,NA,"N ",6,250
"578",578,2001-10-19 07:00:00,23.98,31.65,27.47,80.3,86,5.26,NA,"N ",6,90
"579",579,2001-10-29 07:00:00,23.82,31.1,26.6,162.2,87.3,4.34,1.5,"N ",8,150
"580",580,2001-11-08 07:00:00,23.98,31.3,27.11,200.9,86.3,4.82,1.5,"N ",9,NA
"581",581,2001-11-18 07:00:00,23.86,29.6,26.41,205.1,89.1,3.2,NA,"N ",6,290
"582",582,2001-11-28 07:00:00,24.2,29.9,26.6,173.2,87.8,3.78,2.375,"N ",10,250
"583",583,2001-12-08 07:00:00,23.9,30.74,26.9,79.5,86,5.56,1.88888888888889,"N ",7,270
"584",584,2001-12-18 07:00:00,23.86,30.12,26.3,218.2,89.3,4.06,2.33333333333333,"N ",7,160
"585",585,2001-12-28 07:00:00,24.56,31,27.45,80.8,83.3,6.14,2.2,"N ",8,340
"586",586,2002-01-07 07:00:00,24.12,31,27.08,302.8,86,5.12,1.57142857142857,"N ",6,350
"587",587,2002-01-17 07:00:00,23.96,30.4,26.85,23.8,86.3,4.18,1.16666666666667,"N ",5,340
"588",588,2002-01-27 07:00:00,24.24,29.88,26.74,119.2,85.5,3.79,2,"N ",6,350
"589",589,2002-02-06 07:00:00,25.16,30.72,27.56,8.2,82.9,6.55,2.44444444444444,"N ",6,340
"590",590,2002-02-16 07:00:00,24.26,30.56,26.95,79.4,85.9,3.51,2.33333333333333,"N ",6,340
"591",591,2002-02-26 07:00:00,24.48,31.28,27.47,37.7777777777778,84.4,6.05,1.55555555555556,"N ",4,290
"592",592,2002-03-08 07:00:00,23.86,30.92,26.89,208.3,85.8,4.26,1.16666666666667,"N ",4,350
"593",593,2002-03-18 07:00:00,24.2,31.56,27.49,62.9,84.7,5.33,1.42857142857143,"N ",4,360
"594",594,2002-03-28 07:00:00,23.84,31.9,27.21,87.3333333333333,84.6,4.67,1.75,"N ",10,200
"595",595,2002-04-07 07:00:00,24.22,31.08,26.94,51.2,87.8,5.46,1.5,"N ",6,100
"596",596,2002-04-17 07:00:00,24.48,31.76,27.49,96.2,86.4,5.52,1.71428571428571,"N ",5,90
"597",597,2002-04-27 07:00:00,24.68,31.53,27.18,196.9,89.7,4.85,1.33333333333333,"N ",6,90
"598",598,2002-05-07 07:00:00,24.66,32.06,28.14,44.2,84,5.66,1.5,"N ",6,120
"599",599,2002-05-17 07:00:00,24.36,32.84,28.13,0,80.6,7.34,2,"N ",5,130
"600",600,2002-05-27 07:00:00,24.42,32.9,28.12,0,81.1,7.38,2.2,"N ",5,90
"601",601,2002-06-06 07:00:00,23.88,30.94,26.78,193.2,87.8,4.57,1.75,"N ",6,100
"602",602,2002-06-16 07:00:00,23.54,30.86,26.92,25.1,85.3,4.22,2.22222222222222,"N ",5,90
"603",603,2002-06-26 07:00:00,23.7,31.84,27.05,0,80.3,7.72,2.5,"S ",6,140
"604",604,2002-07-06 07:00:00,23.43,32.3,27.27,0,79.7,7.65,3.4,"E ",8,110
"605",605,2002-07-16 07:00:00,23.62,32.1,27.29,35.9,82.5,7.56,2.8,"S ",6,40
"606",606,2002-07-26 07:00:00,22.94,31.78,26.84,21.6,81.4,6.78,2.9,"S ",7,90
"607",607,2002-08-05 07:00:00,22.46,31.28,26.44,11.3,81.7,6.09,2.7,"S ",6,130
"608",608,2002-08-15 07:00:00,21.9,31.62,26.38,0,80.7,6.74,3,"S ",8,110
"609",609,2002-08-25 07:00:00,22.9,32.18,26.96,0.2,78.7,6.89,3.4,"S ",8,90
"610",610,2002-09-04 07:00:00,22.88,32.5,27.01,0,79.2,5.44,3.2,"S ",8,80
"611",611,2002-09-14 07:00:00,23.2,31.76,26.92,2,81.7,5.87,3.3,"S ",8,100
"612",612,2002-09-24 07:00:00,23.92,31.16,26.99,29.5,84.8,2.66,2.22222222222222,"N ",6,110
"613",613,2002-10-04 07:00:00,23.64,31.8,26.9,9.5,84.8,6.21,2.4,"N ",5,120
"614",614,2002-10-14 07:00:00,23.3,31.22,26.64,37.9,86.1,4.14,1.57142857142857,"N ",5,250
"615",615,2002-10-24 07:00:00,24.14,31.54,27.06,143.3,86.8,4.48,1.625,"N ",4,90
"616",616,2002-11-03 07:00:00,23.82,31.16,26.68,134.4,88.2,4.47,1.6,"N ",NA,NA
"617",617,2002-11-13 07:00:00,24.02,30.82,26.82,76.3,87.6,5.33,1.3,"N ",NA,NA
"618",618,2002-11-23 07:00:00,23.64,30.5,26.56,90.7,87.3,4.3,1.625,"N ",NA,NA
"619",619,2002-12-03 07:00:00,24.14,31.58,27.57,44.1111111111111,83.8,6.03,1.5,"N ",8,350
"620",620,2002-12-13 07:00:00,24.12,31.43,27.27,191.4,87,5.78,1.5,"N ",8,100
"621",621,2002-12-23 07:00:00,24.13,30.32,26.48,243.5,88.9,3.54,2.11111111111111,"N ",8,270
"622",622,2003-01-02 07:00:00,24.08,29.1,26.44,251.2,89.8,2.49,2.125,"N ",8,250
"623",623,2003-01-12 07:00:00,25.02,30.66,27.61,85.5,84.9,5.86,2.11111111111111,"N ",8,350
"624",624,2003-01-22 07:00:00,24.12,31,27.28,204.7,88.1,4.91,1.625,"N ",4,350
"625",625,2003-02-01 07:00:00,24.22,29.44,26.4,140,89.3,2.47,2,"N ",8,350
"626",626,2003-02-11 07:00:00,23.86,30.56,26.68,306.6,88.7,3.08,1.25,"N ",4,310
"627",627,2003-02-21 07:00:00,25.48,31.62,28.21,0,81.1,7.2,2.3,"N ",4,270
"628",628,2003-03-03 07:00:00,23.68,32.34,27.76,NA,83.3,6.47,1.4,"N ",5,290
"629",629,2003-03-13 07:00:00,24.18,30.98,27.14,NA,85.2,5.41,1.44444444444444,"N ",4,20
"630",630,2003-03-23 07:00:00,24.18,30.88,26.99,99.5,86.9,5.6375,NA,"N ",4,110
"631",631,2003-04-02 07:00:00,24.16,31.48,27.01,31.8,87.1,4.76,NA,"N ",4,340
"632",632,2003-04-12 07:00:00,24.06,31.48,27.26,187.3,86.5,5.1,1.28571428571429,"N ",5,70
"633",633,2003-04-22 07:00:00,24.44,31.06,27.1,102.111111111111,88.7,4.01,1.25,"N ",5,90
"634",634,2003-05-02 07:00:00,24.14,31.19,27.24,34,88.4,3.47,1.375,"N ",4,110
"635",635,2003-05-12 07:00:00,24.78,32.26,28,16.3,84.5,6.05,1.5,"N ",6,270
"636",636,2003-05-22 07:00:00,23.9,32.68,27.87,0,79.3,7.65,2.9,"E ",8,100
"637",637,2003-06-01 07:00:00,24.26,32.9,28.03,8,80.3,7.55,2.7,"E ",6,90
"638",638,2003-06-11 07:00:00,24.38,32.4,27.83,20,80.8,7.36,2.9,"S ",8,80
"639",639,2003-06-21 07:00:00,23.72,31.18,27,98.4,85.6,5.88,1.9,"N ",6,90
"640",640,2003-07-01 07:00:00,22.98,31.36,26.72,83.2,82.4,5.13,2.3,"N ",6,110
"641",641,2003-07-11 07:00:00,22.6,30.56,26.26,107.4,83.4,6.24,2.88888888888889,"E ",6,90
"642",642,2003-07-21 07:00:00,23.06,31.86,27.1,23.5,83.4,6.92,2.9,"E ",6,110
"643",643,2003-07-31 07:00:00,23.66,31.38,27.02,3.77777777777778,82.7,7.02,3.2,"E ",8,90
"644",644,2003-08-10 07:00:00,23.46,31.48,26.79,27.7777777777778,85.6,5.81,2.8,"N ",5,110
"645",645,2003-08-20 07:00:00,23.5,31.54,27.01,59.4444444444444,84.7,6.14,3.2,"E ",6,170
"646",646,2003-08-30 07:00:00,23.38,32.18,27.32,17.5,82.2,7.29,3.9,"S ",6,70
"647",647,2003-09-09 07:00:00,23.66,31.86,27.26,73,84,5.52,2.8,"N ",6,200
"648",648,2003-09-19 07:00:00,23.7,31.42,26.72,90.4,85.8,4.84,2.5,"N ",9,90
"649",649,2003-09-29 07:00:00,23.82,30.89,26.81,120.3,86.6,4.46,2.55555555555556,"N ",8,220
"650",650,2003-10-09 07:00:00,23.46,31.2,26.41,71.6666666666667,86.2,4.68,2,"N ",8,100
"651",651,2003-10-19 07:00:00,23.58,31.8,27.18,123.8,85.3,5.56,2.1,"N ",6,100
"652",652,2003-10-29 07:00:00,24,30.54,26.58,114.7,89,4.46,1.4,"N ",5,130
"653",653,2003-11-08 07:00:00,24.42,31.14,27.36,87.6,86.3,5.37,1.71428571428571,"N ",6,190
"654",654,2003-11-18 07:00:00,24.06,30,26.54,354.9,89.3,3.68,1.875,"N ",7,270
"655",655,2003-11-28 07:00:00,24.08,30.53,26.68,226.4,87.3,4.28,1.55555555555556,"N ",5,350
"656",656,2003-12-08 07:00:00,24.14,30.3,26.93,133.5,86.6,3.91,2,"N ",7,180
"657",657,2003-12-18 07:00:00,24.24,30.42,27.27,66,84.1,4.98888888888889,2.6,"N ",5,270
"658",658,2003-12-28 07:00:00,25.12,30.98,27.73,38.2,84.5,5.89,2.88888888888889,"N ",5,350
"659",659,2004-01-07 07:00:00,24.4,31.4,27.52,112.2,84.8,6.22,1.33333333333333,"N ",5,290
"660",660,2004-01-17 07:00:00,24.26,30.76,26.97,266.5,86.5,4.45,1.75,"N ",5,340
"661",661,2004-01-27 07:00:00,23.7,30.6,26.59,280.1,88.3,4.32,1.22222222222222,"N ",6,360
"662",662,2004-02-06 07:00:00,24.42,30.98,27.5,28.1,82.2,6.57,2.7,"N ",7,240
"663",663,2004-02-16 07:00:00,25.12,30.9,27.44,29.3,85.7,4.66,2.16666666666667,"N ",5,340
"664",664,2004-02-26 07:00:00,24.24,31.72,27.72,58.7,84.8,6.28,1.625,"N ",5,250
"665",665,2004-03-07 07:00:00,23.88,30.78,26.87,122.8,87.2,3.3,1.5,"N ",7,230
"666",666,2004-03-17 07:00:00,24.44,32.1,27.85,0.8,84.4,7.05,1.88888888888889,"N ",5,310
"667",667,2004-03-27 07:00:00,24.18,31.14,27.17,109.8,87.8,4.62,1.28571428571429,"N ",6,270
"668",668,2004-04-06 07:00:00,24.26,31.92,27.51,43,86.8,5.11,1.75,"N ",4,290
"669",669,2004-04-16 07:00:00,24.18,32.06,27.26,73.7,87.3,4.85,1.5,"N ",5,70
"670",670,2004-04-26 07:00:00,24.06,32.02,27.44,188.4,86.2,5.35,1.375,"N ",4,250
"671",671,2004-05-06 07:00:00,24.94,32.96,28.31,80.9,83.8,6.73,2,"N ",8,270
"672",672,2004-05-16 07:00:00,24.52,33.1,28.39,62.7,83.5,6.85,1.8,"N ",5,70
"673",673,2004-05-26 07:00:00,23.32,30.7,26.1,315.2,88.8,4.18,1.7,"N ",13,290
"674",674,2004-06-05 07:00:00,24.38,32.4,27.85,45.2,83,6.7,2,"N ",5,90
"675",675,2004-06-15 07:00:00,23.44,32.1,27.34,0,81.6,7.71,2.88888888888889,"E ",8,90
"676",676,2004-06-25 07:00:00,23.64,32.34,27.37,7.2,81.3,7.09,2.7,"N ",8,260
"677",677,2004-07-05 07:00:00,23.3,31.06,26.5,57.5555555555556,87.1,4.47,1.66666666666667,"N ",5,90
"678",678,2004-07-15 07:00:00,23.02,30.76,26.27,110.222222222222,86,4.66,2.4,"N ",6,160
"679",679,2004-07-25 07:00:00,23.04,31.22,26.44,8.44444444444444,82.3,6.48,3.2,"E ",7,90
"680",680,2004-08-04 07:00:00,21.78,31.57,26.05,0,80.3,7.93,3.5,"E ",8,100
"681",681,2004-08-14 07:00:00,22.66,32.34,26.81,0,79.9,7.85,4.7,"S ",10,100
"682",682,2004-08-24 07:00:00,22.94,32.26,26.95,0,80.3,7.02,5,"S ",11,180
"683",683,2004-09-03 07:00:00,22.82,31.94,26.57,40.8,82.3,5.77,2.9,"N ",9,190
"684",684,2004-09-13 07:00:00,23.5,31.2,26.65,75.7,85.2,4.86,2.375,"N ",10,90
"685",685,2004-09-23 07:00:00,23.64,32.2,27.19,70.1,83.1,5.94,2.1,"N ",6,80
"686",686,2004-10-03 07:00:00,23.28,31.96,27.18,24,83.6,7.16,2.4,"S ",6,180
"687",687,2004-10-13 07:00:00,23.78,31.3,26.95,108.4,84.8,4.3,1.375,"N ",5,270
"688",688,2004-10-23 07:00:00,23.92,31.4,26.86,88.1,88.3,4.68,NA,"N ",6,90
"689",689,2004-11-02 07:00:00,23.98,31.21,27.07,131.333333333333,85.7,5.55,1.5,"N ",6,360
"690",690,2004-11-12 07:00:00,23.94,31.48,27.07,368.4,86.9,5.26,1.75,"N ",10,360
"691",691,2004-11-22 07:00:00,23.89,30.92,26.88,111.4,87.6,4.38,1.57142857142857,"N ",7,190
"692",692,2004-12-02 07:00:00,23.48,29.94,26.57,140.3,89.3,3.57,1.6,"N ",6,360
"693",693,2004-12-12 07:00:00,23.88,30.08,26.73,99.5555555555555,87.8,3.65,1.57142857142857,"N ",6,260
"694",694,2004-12-22 07:00:00,23.88,30.38,26.78,200.888888888889,86.4,4.45,1.875,"N ",6,360
"695",695,2005-01-01 07:00:00,24.26,30.28,26.92,111.5,87.7,4.62,1.66666666666667,"N ",5,270
"696",696,2005-01-11 07:00:00,24.83,31.48,27.98,27.4444444444444,82.7,6.7,2.66666666666667,"N ",8,350
"697",697,2005-01-21 07:00:00,24.58,31.4,27.58,7.2,82.9,6.77,2,"N ",6,360
"698",698,2005-01-31 07:00:00,24.36,31.58,27.66,0,83.5,5.91,1.8,"N ",6,360
"699",699,2005-02-10 07:00:00,24.52,31.48,27.49,155.5,85.3,4.85,1.875,"N ",6,350
"700",700,2005-02-20 07:00:00,24.54,31.5,27.58,24.6,85,5.33,1.44444444444444,"N ",6,340
"701",701,2005-03-02 07:00:00,24.54,32.12,28.17,126.8,82.6,6.85,2.55555555555556,"N ",8,NA
"702",702,2005-03-12 07:00:00,24.7,31.88,27.99,55.5,85.4,5.45,1.3,"N ",5,330
"703",703,2005-03-22 07:00:00,23.92,30.98,27.14,195.6,87.1,4.66,1.57142857142857,"N ",8,80
"704",704,2005-04-01 07:00:00,23.9,30.95,26.65,78.6,89.2,2.83,1.55555555555556,"N ",8,270
"705",705,2005-04-11 07:00:00,24.12,31.74,27.57,22.3,84.3,6.36,1.5,"N ",6,80
"706",706,2005-04-21 07:00:00,24.56,32.36,27.87,241.3,85.6,5.56,1.375,"N ",6,180
"707",707,2005-05-01 07:00:00,24.34,31.92,27.44,139.7,87.6,5.39,1.33333333333333,"N ",5,180
"708",708,2005-05-11 07:00:00,24.01,32.16,27.91,15.3,82.2,6.55,2.5,"N ",10,270
"709",709,2005-05-21 07:00:00,24.12,32.16,27.62,60.6666666666667,84.1,6,2.125,"N ",8,180
"710",710,2005-05-31 07:00:00,24.7,32.63,28.16,9.2,83.4,6.32,2.7,"E ",8,90
"711",711,2005-06-10 07:00:00,24.56,32.06,27.71,14.2,84.4,5.59,2.125,"N ",10,270
"712",712,2005-06-20 07:00:00,23.86,31.38,27.24,72.6,84.1,5.34,1.7,"N ",6,70
"713",713,2005-06-30 07:00:00,23.82,31.72,27.09,0.1,84.5,5.49,1.6,"N ",6,100
"714",714,2005-07-10 07:00:00,23.44,31.23,26.97,215,85.5,5.41,1.14285714285714,"N ",8,110
"715",715,2005-07-20 07:00:00,23.84,31.69,27.25,0,80.8,6.58,3.3,"E ",6,100
"716",716,2005-07-30 07:00:00,23.84,31.74,27.33,70.8,83.8,6.89,3.22222222222222,"S ",6,180
"717",717,2005-08-09 07:00:00,23.88,31.85,27.25,14.2222222222222,83.3,6.34,3,"E ",8,180
"718",718,2005-08-19 07:00:00,23.38,32.07,27.04,3,85.4,5.75,2.44444444444444,"N ",6,90
"719",719,2005-08-29 07:00:00,23.98,32.19,27.58,4.1,81.6,6.04,3.33333333333333,"E ",8,90
"720",720,2005-09-08 07:00:00,23.62,32.6,27.57,0,82.4,7.2,2.5,"E ",6,90
"721",721,2005-09-18 07:00:00,24.14,32.16,27.27,154,85.4,5.5,2.5,"E ",9,270
"722",722,2005-09-28 07:00:00,23.92,31.89,27.19,33.5,85.4,5.2,2,"N ",6,90
"723",723,2005-10-08 07:00:00,24.06,31.44,27.3,121.777777777778,85.7,4.52,2,"N ",6,180
"724",724,2005-10-18 07:00:00,23.62,30.56,26.72,234.9,87.6,3.91,1.22222222222222,"N ",6,90
"725",725,2005-10-28 07:00:00,24.08,31,27.17,151.1,87.5,4.27,1.66666666666667,"N ",5,90
"726",726,2005-11-07 07:00:00,24.12,31.54,27.32,95.4,87.1,5.98,1.44444444444444,"N ",4,200
"727",727,2005-11-17 07:00:00,23.92,31,26.86,294.5,88.5,4.58,1.625,"N ",5,360
"728",728,2005-11-27 07:00:00,24.16,30.84,27.1,54.3,86.9,4.79,1.85714285714286,"N ",10,270
"729",729,2005-12-07 07:00:00,23.96,30.14,26.29,350.1,90.1,3.87,1.42857142857143,"N ",8,360
"730",730,2005-12-17 07:00:00,23.54,29.84,26.22,87.3,89.7,3.54,1.85714285714286,"N ",8,200
"731",731,2005-12-27 07:00:00,24.68,30.14,27.15,127.888888888889,86.7,3.98,2.25,"N ",8,360
"732",732,2006-01-06 07:00:00,24,30.75,26.84,81.8,87.6,4.71,1.66666666666667,"N ",6,260
"733",733,2006-01-16 07:00:00,24.72,30.78,27.23,29.1,85.4,4.98,3.1,"N ",8,260
"734",734,2006-01-26 07:00:00,25.84,31.8,28.24,5,80,6.925,3.1,"N ",8,360
"735",735,2006-02-05 07:00:00,24.14,30.97,27.32,100.888888888889,85.8,5.24,1.77777777777778,"N ",5,300
"736",736,2006-02-15 07:00:00,25.08,31.5,27.8,49.2222222222222,84.9,5.21,1.88888888888889,"N ",5,360
"737",737,2006-02-25 07:00:00,24.6,30.38,27.07,47.25,89,2.97,2.66666666666667,"N ",11,360
"738",738,2006-03-07 07:00:00,24.64,31.86,27.94,0,85.5,6.37,1.5,"N ",8,290
"739",739,2006-03-17 07:00:00,24.84,32.56,28.2,12.75,86,4.68,NA,"N ",5,300
"740",740,2006-03-27 07:00:00,24.24,32.04,27.66,22.6,86,5.35,1.5,"N ",5,270
"741",741,2006-04-06 07:00:00,24.01,31.75,27.1,160.2,86.9,5.36,1.125,"N ",4,190
"742",742,2006-04-16 07:00:00,24.06,31.7,27.5,137.5,86.6,5.47,NA,"N ",8,280
"743",743,2006-04-26 07:00:00,24.6,32.2,27.98,82,84.3,5.94,1.33333333333333,"N ",5,210
"744",744,2006-05-06 07:00:00,24.56,32.24,27.84,63.3333333333333,84.7,5.72,1.14285714285714,"N ",4,90
"745",745,2006-05-16 07:00:00,23.68,31.62,27.25,120.8,84.8,4.88,1.42857142857143,"N ",5,80
"746",746,2006-05-26 07:00:00,23.92,31.36,27.03,85,87.3,4.93,1.42857142857143,"N ",6,NA
"747",747,2006-06-05 07:00:00,23.54,31.32,26.67,217,86.8,6.14,1.4,"N ",4,80
"748",748,2006-06-15 07:00:00,23.68,31.48,27.11,73,85.7,4.72,2,"N ",4,90
"749",749,2006-06-25 07:00:00,24.12,31.76,27.49,0,83.3,6.49,2.7,"E ",6,100
"750",750,2006-07-05 07:00:00,23.88,31.98,27.53,0,81.4,7.14,3.3,"E ",6,180
"751",751,2006-07-15 07:00:00,24.01,32.28,27.43,5.2,83.3,6.67,3.1,"E ",8,100
"752",752,2006-07-25 07:00:00,23.2,31.86,26.93,1.6,81.9,7.04,3.1,"S ",8,180
"753",753,2006-08-04 07:00:00,23.04,31.46,26.76,0,79,7.3,3.7,"S ",8,90
"754",754,2006-08-14 07:00:00,23.48,32.4,27.35,0,79.7,6.87,3.6,"E ",7,90
"755",755,2006-08-24 07:00:00,22.96,32.36,27.1,0.3,78.9,6.81,3,"E ",6,180
"756",756,2006-09-03 07:00:00,23.16,32.14,27.07,6.6,80,6.23,3.1,"S ",6,150
"757",757,2006-09-13 07:00:00,23.38,31.8,26.75,54.6,84.2,4.54,2.7,"N ",8,170
"758",758,2006-09-23 07:00:00,22.44,31.7,26.57,0,81.1,7.25,3.6,"S ",8,180
"759",759,2006-10-03 07:00:00,22.77,32.03,26.89,0,80.8,4,2.7,"S ",6,90
"760",760,2006-10-13 07:00:00,23.52,31.64,27.12,0,79.7,0.99,1.9,"N ",5,180
"761",761,2006-10-23 07:00:00,23.56,31.56,26.84,26.8,84,4.49,1.88888888888889,"N ",4,280
"762",762,2006-11-02 07:00:00,23.86,30.78,26.8,123.555555555556,84.3,2.96,2.22222222222222,"N ",6,190
"763",763,2006-11-12 07:00:00,23.64,30.6,26.54,114.9,88.4,2.9,1.88888888888889,"N ",5,100
"764",764,2006-11-22 07:00:00,24.16,31.24,27.31,43.9,84.8,5.03,1.875,"N ",4,270
"765",765,2006-12-02 07:00:00,24.12,31.34,27.2,82.9,85.1,5.95,1.55555555555556,"N ",4,320
"766",766,2006-12-12 07:00:00,24.46,31.2,27.24,132.3,87,5.29,2.2,"N ",5,280
"767",767,2006-12-22 07:00:00,24.48,29.34,26.24,226.9,90.4,2.83,2.1,"N ",5,290
"768",768,2007-01-01 07:00:00,24.4,30.2,26.92,115.8,87,3.98,2.8,"N ",6,350
"769",769,2007-01-11 07:00:00,24.72,30.68,27.28,49.7777777777778,87.7,4.85,2,"N ",8,270
"770",770,2007-01-21 07:00:00,24.08,30.46,26.9,82.1,85.9,4.88,2.6,"N ",6,280
"771",771,2007-01-31 07:00:00,25.26,30.94,27.66,102.9,82,6.8,2.9,"N ",5,360
"772",772,2007-02-10 07:00:00,24.3,31.04,27.44,21.1,83.5,5.68,1.8,"N ",4,320
"773",773,2007-02-20 07:00:00,23.98,30.68,27.03,106.777777777778,85.3,4.53,2.4,"N ",8,220
"774",774,2007-03-02 07:00:00,25.94,31.02,28.35,71.1,81.9,5.26,3.4,"N ",8,360
"775",775,2007-03-12 07:00:00,24.16,31.27,27.4,100.1,87.5,4.94,1.88888888888889,"N ",4,270
"776",776,2007-03-22 07:00:00,24.3,31.7,27.52,122,87.1,4.79,1.625,"N ",8,90
"777",777,2007-04-01 07:00:00,24.06,30.77,27.2,193.4,87.7,5.12,1.75,"N ",6,170
"778",778,2007-04-11 07:00:00,24.34,31.72,27.55,44,85.4,5.99,2,"N ",8,210
"779",779,2007-04-21 07:00:00,24.62,31.16,27.41,179.2,87.9,5.33,1.875,"N ",5,280
"780",780,2007-05-01 07:00:00,24.66,32.36,28.01,116.666666666667,81.5,5.53,2.7,"E ",4,80
"781",781,2007-05-11 07:00:00,24.72,32.35,28.07,8.8,83.6,5.61,1.7,"W ",8,290
"782",782,2007-05-21 07:00:00,24.9,32.92,28.46,41.8888888888889,83.8,6.45,2.5,"E ",4,130
"783",783,2007-05-31 07:00:00,24.36,31.91,27.24,102.888888888889,87.2,6,2.44444444444444,"E ",5,360
"784",784,2007-06-10 07:00:00,24.3,31.68,27.18,239.8,85.7,4.66,2.7,"E ",8,110
"785",785,2007-06-20 07:00:00,24.7,31.68,27.59,5.2,84.5,5.59,2.3,"E ",7,300
"786",786,2007-06-30 07:00:00,23.98,32.18,27.69,24.6666666666667,83.5,6.84,2.7,"E ",6,110
"787",787,2007-07-10 07:00:00,23.98,31.6,27.16,54.7,85,6.3,2.9,"E ",5,110
"788",788,2007-07-20 07:00:00,23.7,30.37,26.26,138.5,88.4,4.32,2.3,"E ",5,170
"789",789,2007-07-30 07:00:00,23.12,31.34,26.66,1.5,81.1,6.83,3.1,"S ",5,170
"790",790,2007-08-09 07:00:00,23.88,32.2,27.46,7.5,80.7,6.33,3.6,"S ",7,90
"791",791,2007-08-19 07:00:00,23.76,30.66,26.48,57.4,84.5,4.39,3.1,"E ",7,100
"792",792,2007-08-29 07:00:00,23.82,31.76,27.04,101.3,83.4,3.9,2.11111111111111,"W ",6,90
"793",793,2007-09-08 07:00:00,23.82,31.65,27.25,12.9,85.9,6.22,2.22222222222222,"N ",5,360
"794",794,2007-09-18 07:00:00,23.94,32.3,27.79,0,88,7.25,2.22222222222222,"W ",5,270
"795",795,2007-09-28 07:00:00,23.42,32.02,27.24,28.7,87.2,7.44,2.4,"E ",8,310
"796",796,2007-10-08 07:00:00,23.16,30.68,26.25,143.9,90.3,4.65,2.25,"E ",5,100
"797",797,2007-10-18 07:00:00,24.1,31.57,27.03,76.5,88.5,5.01,2.33333333333333,"E ",4,180
"798",798,2007-10-28 07:00:00,24.28,31.38,27.34,283.3,87.1,5.77,2.2,"W ",4,270
"799",799,2007-11-07 07:00:00,23.74,30.56,26.89,403.1,88.2,4.29,2.5,"NE",7,210
"800",800,2007-11-17 07:00:00,24.6,31,27.43,100.333333333333,88.6,5.78,2.4,"W ",5,330
"801",801,2007-11-27 07:00:00,24.34,30.84,27.18,226.125,88.7,4.56,2.2,"NW",5,20
"802",802,2007-12-07 07:00:00,24.46,30.38,27.04,145.444444444444,89.5,3.72,2.11111111111111,"W ",4,10
"803",803,2007-12-17 07:00:00,24.74,29.74,26.86,79,90,3.17,2.4,"NW",5,10
"804",804,2007-12-27 07:00:00,25.22,30.24,27.78,34.8,85.4,4.95,3.4,"NW",6,330
"805",805,2008-01-06 07:00:00,25.32,31.05,28.06,13.5555555555556,87,7.15,2.5,"NW",5,330
"806",806,2008-01-16 07:00:00,24.91,31.2,27.63,104.6,86.2,7.06,2.66666666666667,"NW",5,340
"807",807,2008-01-26 07:00:00,24.08,30.32,26.99,70.9,89.8,4.6,2.44444444444444,"NW",5,330
"808",808,2008-02-05 07:00:00,25.27,30.56,27.66,2.3,84,4.04,3.4,"NW",7,350
"809",809,2008-02-15 07:00:00,25.64,30.41,27.59,6.7,85.2,5.86,3.5,"NW",6,330
"810",810,2008-02-25 07:00:00,23.9,28.81,26.04,184.111111111111,92,2.16,2.33333333333333,"W ",5,330
"811",811,2008-03-06 07:00:00,23.64,30.29,26.68,56.1,89.4,3.69,2.22222222222222,"SW",4,200
"812",812,2008-03-16 07:00:00,24.1,30.66,26.85,70,89.1,4.3,2,"W ",6,250
"813",813,2008-03-26 07:00:00,24.48,31.53,27.51,2.44444444444444,85.5,4.62,2,"W ",6,300
"814",814,2008-04-05 07:00:00,23.74,31.78,27.42,90.4,88.6,6.16,2.2,"NE",6,320
"815",815,2008-04-15 07:00:00,24.08,31.04,26.64,127.3,91.4,4.4,2,"E ",9,270
"816",816,2008-04-25 07:00:00,24.6,32.86,28.28,12.8888888888889,87.4,7.07,2.4,"E ",6,100
"817",817,2008-05-05 07:00:00,24.18,31.61,27.32,11.1,87.1,6.22,2.6,"E ",6,170
"818",818,2008-05-15 07:00:00,24.4,33,27.97,11.1,84.7,7.44,3.3,"E ",5,170
"819",819,2008-05-25 07:00:00,23.96,31.54,26.74,132.4,88.2,4.78,2.9,"E ",6,190
"820",820,2008-06-04 07:00:00,24.16,31.14,26.63,90.8888888888889,87.5,4.35,2.5,"SE",8,150
"821",821,2008-06-14 07:00:00,23.64,32.4,27.27,6.5,84.7,6.65,3.3,"E ",7,30
"822",822,2008-06-24 07:00:00,23.9,32.09,27.13,157.7,86.6,6.5,3,"E ",7,100
"823",823,2008-07-04 07:00:00,23.67,31.36,26.66,48.1,86.6,5.13,3.3,"E ",7,100
"824",824,2008-07-14 07:00:00,23.52,30.95,26.88,20,85.4,4.51,3.4,"SE",7,140
"825",825,2008-07-24 07:00:00,23.94,31.54,27.03,0,85.6,6.21,3.4,"E ",7,130
"826",826,2008-08-03 07:00:00,23.12,31.92,26.92,62.6,82.7,5.64,3.5,"E ",8,130
"827",827,2008-08-13 07:00:00,24.25,32.06,27.1,34.2,84.7,5.46,3.6,"E ",8,130
"828",828,2008-08-23 07:00:00,23.62,30.44,26.29,127.9,87,3.34,2.66666666666667,"E ",5,90
"829",829,2008-09-02 07:00:00,23.96,30.56,26.44,225,87.6,3.79,2.8,"E ",6,100
"830",830,2008-09-12 07:00:00,24.44,31.68,27.16,69.7,84.5,5.21,3.4,"S ",6,80
"831",831,2008-09-22 07:00:00,24.18,32.34,27.49,80.7,83.2,7.11,3.2,"E ",6,110
"832",832,2008-10-02 07:00:00,23.88,31.02,26.57,266.4,87,4.88,2.3,"E ",8,180
"833",833,2008-10-12 07:00:00,24.1,30.8,26.76,188.8,86.7,4.19,2.25,"E ",6,100
"834",834,2008-10-22 07:00:00,24.36,31.26,27.08,93.3333333333333,85,4.23,2,"W ",5,90
"835",835,2008-11-01 07:00:00,24.62,30.93,27.59,62.6,84.2,4.22,1.625,"W ",4,350
"836",836,2008-11-11 07:00:00,24.38,30.82,27.11,158.6,85.7,3.85,2.33333333333333,"N ",5,360
"837",837,2008-11-21 07:00:00,24.62,31.2,27.37,44.6,86.9,4,1.9,"W ",5,90
"838",838,2008-12-01 07:00:00,24.36,29.2,26.41,465.3,90.1,2.62,2.11111111111111,"W ",5,280
"839",839,2008-12-11 07:00:00,24.36,29.63,26.64,197.1,87.7,3.94,2.9,"N ",6,270
"840",840,2008-12-21 07:00:00,24.2,30.01,26.63,138.2,87.2,3.5,2.4,"N ",10,270
"841",841,2008-12-31 07:00:00,24.02,30.2,26.69,162.7,86.4,4.93333333333333,2.1,"W ",8,290
"842",842,2009-01-10 07:00:00,24.84,29.86,27.06,11.4,82.2,5.1,4.8,"N ",10,340
"843",843,2009-01-20 07:00:00,24.6,30.25,26.92,455.888888888889,84,5.64,2.6,"N ",8,360
"844",844,2009-01-30 07:00:00,25.18,30.16,27.35,0.1,80,6.48,4.6,"NW",8,330
"845",845,2009-02-09 07:00:00,25.1,30.74,27.44,3.1,82.5,5.33,2.5,"NW",5,300
"846",846,2009-02-19 07:00:00,24.32,30.88,27,108.5,86.1,4.86,2,"W ",5,270
"847",847,2009-03-01 07:00:00,24.32,30.42,27.32,46.5,84.3,5.14,2,"W ",5,300
"848",848,2009-03-11 07:00:00,24.2,31.2,27.2,28.4,83,6.14,2.1,"W ",5,280
"849",849,2009-03-21 07:00:00,23.55,31.38,26.99,94.7777777777778,83.1,5.04,1.4,"N ",4,310
"850",850,2009-03-31 07:00:00,24.2,31.42,27.26,96.5555555555556,85.6,5.12,1.66666666666667,"E ",10,80
"851",851,2009-04-10 07:00:00,23.92,30.6,26.72,306.4,88.7,3.51,1.71428571428571,"E ",9,340
"852",852,2009-04-20 07:00:00,24.92,32.58,28.37,90.3,83.2,7,2.11111111111111,"E ",5,90
"853",853,2009-04-30 07:00:00,24.94,32.36,28.31,27.1,82.3,6.65,2.33333333333333,"E ",5,100
"854",854,2009-05-10 07:00:00,24.34,31.37,27.55,81.1111111111111,83.8,4.5,1.875,"E ",5,40
"855",855,2009-05-20 07:00:00,24.58,31.66,27.77,28,84.5,5.42,1.9,"E ",4,120
"856",856,2009-05-30 07:00:00,24.94,33.14,28.43,3.4,80.2,6.27,2.3,"E ",6,90
"857",857,2009-06-09 07:00:00,24.28,32.46,27.75,42.5,81.6,6.2,2.5,"E ",5,90
"858",858,2009-06-19 07:00:00,24.56,32.42,27.93,39.4,80.7,6.32,2.7,"E ",6,90
"859",859,2009-06-29 07:00:00,24.1,31.48,26.87,11,82.9,4.77,2,"E ",5,180
"860",860,2009-07-09 07:00:00,22.98,31.94,27.11,0,80.2,7.16,3,"E ",7,120
"861",861,2009-07-19 07:00:00,23.9,32.57,27.67,0.8,79.6,6.43,3,"E ",8,100
"862",862,2009-07-29 07:00:00,22.98,32.06,27.17,0,79.1,7.65,3.7,"SE",8,110
"863",863,2009-08-08 07:00:00,24,32.94,27.65,16.7777777777778,81.7,6.28,3,"E ",6,100
"864",864,2009-08-18 07:00:00,23.3,32.41,27.37,0.2,78,7.22,3.2,"E ",7,100
"865",865,2009-08-28 07:00:00,23.5,32.32,27.55,0,78.9,7.5,3.5,"S ",7,160
"866",866,2009-09-07 07:00:00,24.14,32.89,27.98,12.6,79.3,6.52,3.7,"E ",8,90
"867",867,2009-09-17 07:00:00,23.8,31.78,27.25,32.2,83.4,6.9,3.2,"S ",9,210
"868",868,2009-09-27 07:00:00,24.06,32.46,27.65,48.6,82.4,5.73,2.9,"S ",8,70
"869",869,2009-10-07 07:00:00,23.52,31.44,26.98,78.6,83.9,4.93,2,"S ",8,110
"870",870,2009-10-17 07:00:00,23.57,32.08,27.18,281.7,84.4,6.18,2.22222222222222,"E ",10,80
"871",871,2009-10-27 07:00:00,24.12,31.42,27.05,155.2,86.5,4.94,2.42857142857143,"E ",5,220
"872",872,2009-11-06 07:00:00,24.16,31.06,26.77,351.8,88.2,3.4,1.5,"E ",10,60
"873",873,2009-11-16 07:00:00,23.96,30.08,26.76,266.3,86.6,3.76,1.8,"W ",6,270
"874",874,2009-11-26 07:00:00,23.94,30.94,27.13,335.2,85.6,5.44,2,"NW",7,260
"875",875,2009-12-06 07:00:00,24.26,31.1,27.44,107.5,85.5,5.79,1.8,"W ",6,340
"876",876,2009-12-16 07:00:00,24.72,31.31,27.59,109.3,86.1,4.27,1.77777777777778,"NE",5,230
"877",877,2009-12-26 07:00:00,24.02,30.24,26.63,299.8,89.7,4.15,1.66666666666667,"W ",6,220
"878",878,2010-01-05 07:00:00,24.33,30.71,27.32,82.2222222222222,83.6,5.11,2.6,"NW",8,340
"879",879,2010-01-15 07:00:00,24.21,30.84,27.76,18.7777777777778,81.3,5.36,2.9,"NW",6,350
"880",880,2010-01-25 07:00:00,24.33,30.63,27.14,35,85.4,3.7,2.33333333333333,"W ",4,340
"881",881,2010-02-04 07:00:00,24.21,31.86,27.99,121.2,83.1,5.79,2.4,"NW",6,110
"882",882,2010-02-14 07:00:00,24.76,31.4,27.57,140.333333333333,85.3,2.93,2.4,"W ",6,340
"883",883,2010-02-24 07:00:00,25.21,32.37,28.15,27.6,83.4,5.43,2.4,"W ",5,360
"884",884,2010-03-06 07:00:00,24.16,32.05,27.81,141.4,81.3,5.65,2.5,"S ",5,10
"885",885,2010-03-16 07:00:00,24.48,31.77,27.6,151.9,85.6,5.4,2.5,"NW",6,20
"886",886,2010-03-26 07:00:00,24.56,31.59,27.81,75.7,84.6,4.91,2.3,"N ",8,230
"887",887,2010-04-05 07:00:00,25.03,32.51,28.46,31,83.4,5.49,2.2,"NW",4,300
"888",888,2010-04-15 07:00:00,25.11,32.21,28.21,85.625,84.7,4.96,2.1,"W ",4,250
"889",889,2010-04-25 07:00:00,24.89,32.45,28.51,66.3,82.9,5.99,2.5,"E ",5,120
"890",890,2010-05-05 07:00:00,25.3,32.63,28.55,97.3,85.3,5.4,2.1,"W ",7,230
"891",891,2010-05-15 07:00:00,24.68,32.57,28.19,86.4444444444444,84.6,5.13,2.5,"E ",6,230
"892",892,2010-05-25 07:00:00,24.73,32.56,28.1,61.8888888888889,85,5.16,2.7,"E ",5,90
"893",893,2010-06-04 07:00:00,24.12,31.28,27.53,124.666666666667,84.8,3.69,2.3,"E ",6,200
"894",894,2010-06-14 07:00:00,24.05,32.17,27.77,111.3,82,5.81,2.6,"E ",6,300
"895",895,2010-06-24 07:00:00,23.75,30.85,27.07,69.1,87.1,3.9,2.5,"E ",5,10
"896",896,2010-07-04 07:00:00,23.86,31.48,27.32,135.75,84.3,5.14,1.9,"E ",6,210
"897",897,2010-07-14 07:00:00,23.76,31.18,26.88,109.4,85.2,5.74,2.6,"E ",7,120
"898",898,2010-07-24 07:00:00,23.61,30.47,26.63,82.4444444444444,85,3.94,2.4,"E ",9,110
"899",899,2010-08-03 07:00:00,23.88,32.2,27.6,NA,82.7,6.06,2.6,"E ",8,340
"900",900,2010-08-13 07:00:00,23.66,30.32,26.59,305.625,87.6,2.94,2.4,"E ",6,90
"901",901,2010-08-23 07:00:00,23.47,32.14,27.29,NA,82.5,6.66,2.6,"E ",6,100
"902",902,2010-09-02 07:00:00,23.47,30.69,26.66,NA,85.3,3.85,2.11111111111111,"E ",5,60
"903",903,2010-09-12 07:00:00,23.68,31.38,26.87,NA,87.2,4.78,2.7,"E ",11,70
"904",904,2010-09-22 07:00:00,23.4,30.82,26.52,144.444444444444,89.7,4.12,1.8,"E ",5,250
"905",905,2010-10-02 07:00:00,24.16,30.81,27.26,NA,86.9,3.91,1.77777777777778,"S ",5,110
"906",906,2010-10-12 07:00:00,25.11,31.97,28.1,NA,82.5,5.36,1.55555555555556,"S ",4,270
"907",907,2010-10-22 07:00:00,23.84,30.86,26.75,132.222222222222,85.2,4.8,2,"W ",5,240
"908",908,2010-11-01 07:00:00,23.94,31.23,26.8,NA,86.5,4.69,2,"S ",4,190
"909",909,2010-11-11 07:00:00,24.07,31.03,27.05,183.25,85.1,5.07,1.66666666666667,"NW",4,320
"910",910,2010-11-21 07:00:00,24.35,31.16,27.3,107.875,84.8,4.86,1.625,"W ",6,350
"911",911,2010-12-01 07:00:00,24.34,30.41,26.9,167.25,85.6,3.47,1.77777777777778,"W ",7,230
"912",912,2010-12-11 07:00:00,23.42,30.76,26.39,100.875,85.3,3.48,1.88888888888889,"W ",10,340
"913",913,2010-12-21 07:00:00,23.66,30.1,26.33,75.5,87.2,3.68,1.75,"W ",5,350
"914",914,2010-12-31 07:00:00,24.52,31,27.58,205.222222222222,81.2,5.6,1.4,"NW",5,350
"915",915,2011-01-10 07:00:00,24.22,29.6,26.99,131.4,82.4,4.52,2.9,"NW",6,300
"916",916,2011-01-20 07:00:00,24.9,30.38,27.04,80.6,81.1,4.43,1.25,"NW",4,330
"917",917,2011-01-30 07:00:00,24.36,29.63,26.83,81.2,82.4,4.41,1.77777777777778,"NW",5,360
"918",918,2011-02-09 07:00:00,24.04,31.29,27.35,65.1,82.4,6.41,1.7,"W ",4,310
"919",919,2011-02-19 07:00:00,24.6,30.84,27.49,113.9,80.8,5.47,2.11111111111111,"W ",5,320
"920",920,2011-03-01 07:00:00,25.06,31.18,27.68,19.5,81.5,5.86,1.5,"W ",4,330
"921",921,2011-03-11 07:00:00,24.1,30.74,26.86,38,85.4,3.09,1.5,"SW",4,280
"922",922,2011-03-21 07:00:00,24.24,30.52,27.02,78.4,83.9,3.46,1.77777777777778,"NW",5,260
"923",923,2011-03-31 07:00:00,24.44,31.36,27.48,71.2,83.3,5.72,1.3,"NW",5,310
"924",924,2011-04-10 07:00:00,24.56,31.22,27.3,69.6,83.7,4.83,1.625,"NE",4,260
"925",925,2011-04-20 07:00:00,24.5,31.52,27.37,53.6,84.8,3.78,1.71428571428571,"SW",5,220
"926",926,2011-04-30 07:00:00,24.86,31.9,28.01,83.4,83.4,6.17,1.55555555555556,"NW",5,290
"927",927,2011-05-10 07:00:00,25.72,32.86,28.59,34.6,80,5.79,2,"E ",5,80
"928",928,2011-05-20 07:00:00,24.77,32.48,28,36.2222222222222,80.6,5.64,2.1,"E ",6,170
"929",929,2011-05-30 07:00:00,24.74,32.24,28.05,51,82.3,5.88,1.9,"E ",6,80
"930",930,2011-06-09 07:00:00,24.58,32.16,27.74,7.4,78,6.98,3.1,"E ",5,90
"931",931,2011-06-19 07:00:00,23.86,32.62,27.58,24.3,80.1,7.13,3.6,"E ",8,140
"932",932,2011-06-29 07:00:00,23.34,31.32,26.79,194.5,80.7,6.21,2.5,"E ",6,80
"933",933,2011-07-09 07:00:00,24.36,31.24,26.66,91.3,86.4,5.45,2.4,"E ",8,100
"934",934,2011-07-19 07:00:00,23.72,31.82,27,37.7,81.4,7.07,2.7,"E ",6,110
"935",935,2011-07-29 07:00:00,24.11,30.66,26.75,161.6,83,3.85,2.625,"SW",8,110
"936",936,2011-08-08 07:00:00,24.01,31.54,27.2,135.5,81.7,5.75,1.9,"E ",5,250
"937",937,2011-08-18 07:00:00,24.64,31.57,27.02,166.1,82.8,4.99,2.4,"E ",9,80
"938",938,2011-08-28 07:00:00,24.02,31.26,27.03,109.7,84.5,3.97,3,"E ",7,90
"939",939,2011-09-07 07:00:00,23.62,31.51,26.59,60,83.9,4.75,2.8,"E ",10,350
"940",940,2011-09-17 07:00:00,23.92,32.28,27.51,0,81.9,6.34,3.2,"SE",8,80
"941",941,2011-09-27 07:00:00,23.86,31.98,27.38,3.6,81.9,6.17,2.8,"E ",7,80
"942",942,2011-10-07 07:00:00,23.82,31.87,27.18,110.1,83.4,4.8,1.9,"E ",5,100
"943",943,2011-10-17 07:00:00,23.52,31.1,26.44,168.4,87.3,3.79,1.5,"E ",5,190
"944",944,2011-10-27 07:00:00,24.34,30.2,26.64,262.8,87.7,3.07,1.83333333333333,"SW",4,210
"945",945,2011-11-06 07:00:00,23.86,31.38,27.14,133.9,81.5,5.23,1.77777777777778,"S ",5,250
"946",946,2011-11-16 07:00:00,24.52,31.8,27.01,110,83,5.47,2.6,"E ",9,80
"947",947,2011-11-26 07:00:00,24.58,30.51,26.77,226.1,86.6,3.01,2.3,"SW",10,350
"948",948,2011-12-06 07:00:00,24.77,30.93,27.16,120.5,84.4,5.9,2.44444444444444,"W ",10,50
"949",949,2011-12-16 07:00:00,24.6,30.82,27.33,126.1,86.3,4.22,2.6,"W ",7,250
"950",950,2011-12-26 07:00:00,25.36,31.02,27.53,55.4,84.6,4.9,2.5,"NW",5,280
"951",951,2012-01-05 07:00:00,24.59,29.28,26.81,97.3,84.7,2.96,2.7,"W ",8,280
"952",952,2012-01-15 07:00:00,24.42,31.38,27.68,21.1111111111111,80.5,5.4,2.1,"W ",7,290
"953",953,2012-01-25 07:00:00,25.04,30.72,27.31,106.222222222222,82.3,4.94,2.9,"N ",8,330
"954",954,2012-02-04 07:00:00,23.73,30.74,26.91,187.2,83.3,4.36,2.2,"W ",5,10
"955",955,2012-02-14 07:00:00,24.15,31,26.96,147.9,84.2,5.4,2.3,"W ",7,270
"956",956,2012-02-24 07:00:00,23.71,30.57,26.49,116.6,86.9,3.15,2.3,"W ",6,270
"957",957,2012-03-05 07:00:00,24.63,30.86,27.25,62.1111111111111,82.5,4.07,2.5,"N ",11,220
"958",958,2012-03-15 07:00:00,24.94,31.12,27.9,1.8,81.8,5.4,2.2,"W ",9,340
"959",959,2012-03-25 07:00:00,24.5,31.86,27.7,11.875,82.3,4.51,2.1,"W ",5,350
"960",960,2012-04-04 07:00:00,23.6,32.02,27.19,118.1,83.8,5.98,2.6,"E ",6,360
"961",961,2012-04-14 07:00:00,24.04,31.54,27.25,181.875,85.2,4.54,2.2,"E ",6,30
"962",962,2012-04-24 07:00:00,24.46,32.78,28.54,38.9,81.9,5.69,2.3,"E ",6,110
"963",963,2012-05-04 07:00:00,24.48,32.24,28.13,28,80.9,6.64,2.2,"E ",7,250
"964",964,2012-05-14 07:00:00,24.31,33.01,28.03,18.6666666666667,81.2,6.53,2.4,"E ",6,110
"965",965,2012-05-24 07:00:00,24.1,33.07,28.22,87.6666666666667,80.8,6.99,3,"E ",10,320
"966",966,2012-06-03 07:00:00,24.08,32.46,27.69,49.2,82.2,5.53,3,"E ",18,260
"967",967,2012-06-13 07:00:00,23.68,33.1,28.05,0.4,78.8,7.61,3.3,"SE",7,120
"968",968,2012-06-23 07:00:00,23.84,32.58,27.52,1.5,79.4,7.03,3.7,"SE",7,100
"969",969,2012-07-03 07:00:00,23.44,30.98,26.85,35.2,82.8,5.13,3.4,"E ",8,120
"970",970,2012-07-13 07:00:00,23.28,31.88,26.89,19.4,83.2,5.62,3.3,"E ",9,120
"971",971,2012-07-23 07:00:00,22.82,31.29,26.64,3.7,80.5,6.5,3.9,"SE",9,200
"972",972,2012-08-02 07:00:00,23.2,32.3,27.05,53.4,79.9,7.04,4.1,"SE",10,130
"973",973,2012-08-12 07:00:00,23.06,32.62,27.2,1.7,78.8,7.13,4.1,"SE",8,130
"974",974,2012-08-22 07:00:00,23.33,31.26,26.47,101,83.2,4.58,3.6,"SE",7,120
"975",975,2012-09-01 07:00:00,23.12,32.21,27.18,11.2,82.3,6.57,3.7,"SE",10,120
"976",976,2012-09-11 07:00:00,23.52,31.98,27.3,0,81,7.27,3.6,"SE",8,190
"977",977,2012-09-21 07:00:00,22.81,32,27.1,0,80.6,6.62,3.5,"S ",7,220
"978",978,2012-10-01 07:00:00,23.9,32.38,27.66,2.75,82.4,5.57,3.4,"SE",7,120
"979",979,2012-10-11 07:00:00,24.08,31.19,27,136.111111111111,85.8,2.5,2.2,"W ",5,270
"980",980,2012-10-21 07:00:00,23.58,31.63,27.46,127.888888888889,81.9,5.58,2.6,"E ",10,80
"981",981,2012-10-31 07:00:00,24.08,30.91,27.25,164.5,84.6,4.66,2.3,"W ",5,40
"982",982,2012-11-10 07:00:00,24.36,31.4,27.29,104,86.2,4.62,2.3,"E ",9,100
"983",983,2012-11-20 07:00:00,24.06,31.68,27.79,62.2222222222222,82.8,5.13,2.3,"NE",6,32
"984",984,2012-11-30 07:00:00,23.84,30.43,26.81,401.75,87.3,3.86,2.1,"W ",6,240
"985",985,2012-12-10 07:00:00,24.1,31.06,27.28,144.125,84.6,5.27,2.4,"NE",6,270
"986",986,2012-12-20 07:00:00,23.94,30.72,26.98,185.7,88,3.99,2.2,"W ",6,280
"987",987,2012-12-30 07:00:00,24.43,30.88,27.38,110.222222222222,86.3,3.76,2.8,"W ",8,260
"988",988,2013-01-09 07:00:00,25.78,31.83,28.69,40.1,78.1,5.25,3.1,"N ",9,350
"989",989,2013-01-19 07:00:00,24.47,31.42,27.74,36.7,82.9,5.92,2.6,"W ",6,300
"990",990,2013-01-29 07:00:00,24.35,31.16,27.35,NA,85.9,4.36,2.6,"W ",8,270
"991",991,2013-02-08 07:00:00,23.65,31.16,27.04,113.2,84.9,5.26,2.2,"N ",6,270
"992",992,2013-02-18 07:00:00,24.66,31.6,28.12,38.5,81.4,4.96,2.6,"W ",10,270
"993",993,2013-02-28 07:00:00,25.08,33.02,28.78,23.5,79.3,7.11,2.3,"W ",6,290
"994",994,2013-03-10 07:00:00,24.82,32.44,28.47,15.6,80.8,5.86,2.3,"W ",6,350
"995",995,2013-03-20 07:00:00,24.21,32.12,27.88,62.1111111111111,82.7,5.14,1.7,"W ",6,250
"996",996,2013-03-30 07:00:00,24.44,31.59,27.59,261.5,86.5,4.1,2,"W ",8,270
"997",997,2013-04-09 07:00:00,24.42,32.26,27.91,69.375,84.7,5.11,2.1,"N ",8,180
"998",998,2013-04-19 07:00:00,24.03,32.6,28.07,41.7,82.6,5.53,1.9,"E ",7,270
"999",999,2013-04-29 07:00:00,24.43,32.53,27.78,265.1,86.2,5.31111111111111,2,"E ",8,100
"1000",1000,2013-05-09 07:00:00,24.26,32.58,27.73,196.777777777778,85.7,4.95,2,"E ",7,90
"1001",1001,2013-05-19 07:00:00,24.39,32.16,27.98,129.6,83.9,4.8,1.6,"E ",6,290
"1002",1002,2013-05-29 07:00:00,24.14,32.33,28.24,12.5,81.7,6.26,1.57142857142857,"E ",4,70
"1003",1003,2013-06-08 07:00:00,23.91,31.6,27.7,117.1,84.6,4.15,1.5,"S ",6,200
"1004",1004,2013-06-18 07:00:00,24.1,33.37,28.48,48.2,77.9,7.61,1.71428571428571,"E ",6,340
"1005",1005,2013-06-28 07:00:00,23.2,30.91,26.85,180.2,83.3,5.52222222222222,1.7,"E ",6,90
"1006",1006,2013-07-08 07:00:00,22.9,30.38,26.49,167.6,84.1,4.17,2.2,"E ",7,120
"1007",1007,2013-07-18 07:00:00,23.04,32.38,27.55,23,79.7,6.19,2.5,"E ",8,110
"1008",1008,2013-07-28 07:00:00,23.28,32.16,27.54,36,79.5,6.65,2.8,"E ",7,100
"1009",1009,2013-08-07 07:00:00,22.39,31.34,26.58,25.4,81.4,5.88,2.7,"E ",12,20
"1010",1010,2013-08-17 07:00:00,23.03,32.65,27.39,0,78.3,6.08,3.6,"E ",9,90
"1011",1011,2013-08-27 07:00:00,23.59,31.61,26.8,193.375,84.5,4.45,2.5,"E ",8,110
"1012",1012,2013-09-06 07:00:00,23.09,31.85,27.14,20.1111111111111,80.8,5.75,2.8,"E ",8,90
"1013",1013,2013-09-16 07:00:00,24.02,32.73,28.13,1.7,78.8,6.68,3.1,"E ",9,90
"1014",1014,2013-09-26 07:00:00,NA,NA,NA,NA,NA,NA,NA,NA,NA,NA
"1015",1015,2013-10-06 07:00:00,NA,NA,NA,NA,NA,NA,NA,NA,NA,NA
"1016",1016,2013-10-16 07:00:00,NA,NA,NA,NA,NA,NA,NA,NA,NA,NA
"1017",1017,2013-10-26 07:00:00,NA,NA,NA,NA,NA,NA,NA,NA,NA,NA
"1018",1018,2013-11-05 07:00:00,NA,NA,NA,NA,NA,NA,NA,NA,NA,NA
"1019",1019,2013-11-15 07:00:00,NA,NA,NA,NA,NA,NA,NA,NA,NA,NA
"1020",1020,2013-11-25 07:00:00,23.7,NA,26.9857142857143,NA,87.4285714285714,5.08333333333333,1.75,"N ",8,270
"1021",1021,2013-12-05 07:00:00,23.7875,30.9,27.35,NA,85.125,NA,1.625,"N ",5,310
"1022",1022,2013-12-15 07:00:00,23.86,30.6857142857143,27.26,149.75,83.7,3.82,2.2,"W ",8,360
"1023",1023,2013-12-25 07:00:00,24.1,NA,NA,NA,NA,NA,2,"W ",5,280
"1024",1024,2014-01-04 07:00:00,23.46,29.83,26.59,54.2222222222222,86.6,4.27,1.8,"W ",9,280
"1025",1025,2014-01-14 07:00:00,24.56,30.38,27.43,0,75.2,5.91,4.2,"N ",8,10
"1026",1026,2014-01-24 07:00:00,24.75,30.77,27.47,0,75.1,6.63,3.5,"N ",9,340
"1027",1027,2014-02-03 07:00:00,24.56,31.56,28.02,1.2,76.8,7.11,2.5,"N ",8,360
"1028",1028,2014-02-13 07:00:00,24.7,31.86,28.02,4.3,80.6,6.67,2.3,"W ",7,350
"1029",1029,2014-02-23 07:00:00,23.79,30.62,27,73.2,83.9,3.56,1.7,"N ",5,360
"1030",1030,2014-03-05 07:00:00,23.99,31.26,27.61,123.875,81.4,5.9,2.2,"N ",6,300
"1031",1031,2014-03-15 07:00:00,24.23,30.78,27.43,27.2222222222222,84.2,4.65,1.6,"W ",5,360
"1032",1032,2014-03-25 07:00:00,23.99,31.2,27.17,52.3333333333333,85.8,4.03333333333333,1.5,"W ",5,280
"1033",1033,2014-04-04 07:00:00,23.78,31.36,27.71,49.4,83.1,6.11,1.8,"W ",6,130
"1034",1034,2014-04-14 07:00:00,24.24,31.74,28.06,63.3333333333333,82.3,4.16,1.33333333333333,"W ",5,90
"1035",1035,2014-04-24 07:00:00,24.08,32.25,28.04,37.7777777777778,83.2,5.33,1.3,"E ",7,100
"1036",1036,2014-05-04 07:00:00,23.63,32.89,28.09,30.75,82.4,5.87,1.9,"E ",6,180
"1037",1037,2014-05-14 07:00:00,23.72,32.76,28.09,131.3,81.7,5.37,2.2,"E ",9,90
"1038",1038,2014-05-24 07:00:00,23.95,32.18,28,99.3,83.3,5.57,1.9,"E ",7,90
"1039",1039,2014-06-03 07:00:00,24.16,32.74,28.17,NA,83.3,6.08,2,"E ",6,90
"1040",1040,2014-06-13 07:00:00,24.3,32.96,28.41,81.1111111111111,81.8,6.97777777777778,2.3,"E ",10,180
"1041",1041,2014-06-23 07:00:00,23.88,32.56,28.24,60.2,80.9,6.48,2.3,"E ",6,100
"1042",1042,2014-07-03 07:00:00,23.92,32.67,28.24,41.5555555555556,79.1,6.76,3,"E ",10,90
"1043",1043,2014-07-13 07:00:00,23.62,32.21,27.95,0,80.2,7.09,2.9,"E ",6,180
"1044",1044,2014-07-23 07:00:00,23.41,32.53,27.98,0,78.4,7.86,3.5,"E ",9,100
"1045",1045,2014-08-02 07:00:00,23.38,32.85,27.38,82.5,81.8,6.59,3.2,"E ",8,110
"1046",1046,2014-08-12 07:00:00,22.89,32.17,26.98,51.1,81.4,6.12222222222222,3.3,"E ",9,90
"1047",1047,2014-08-22 07:00:00,22.93,32.6,27.38,5.5,79.5,6.3,3,"E ",8,90
"1048",1048,2014-09-01 07:00:00,23.07,32.16,27.6,0,77.5,7.28,3.3,"E ",8,80
"1049",1049,2014-09-11 07:00:00,23.08,32.47,27.67,0,77.5,6.09,3.6,"E ",8,160
"1050",1050,2014-09-21 07:00:00,23.07,32.96,27.75,0,78,6.96,3.3,"E ",8,180
"1051",1051,2014-10-01 07:00:00,23.15,32.71,27.74,0,78.2,5.78,3.2,"S ",8,100
"1052",1052,2014-10-11 07:00:00,23.92,31.83,27.51,102,84.2,4.06666666666667,2.2,"E ",8,90
"1053",1053,2014-10-21 07:00:00,23.71,32.19,27.53,72.1,83.4,5.87,1.9,"S ",8,140
"1054",1054,2014-10-31 07:00:00,23.8,32.28,28.05,70.8888888888889,80.8,5.61,2.5,"E ",8,180
"1055",1055,2014-11-10 07:00:00,23.53,31.56,27.16,73.6666666666667,84.8,4.64,1.7,"E ",5,20
"1056",1056,2014-11-20 07:00:00,23.38,31.42,27.27,204,85.8,5.56,2.2,"N ",5,70
"1057",1057,2014-11-30 07:00:00,23.11,30.78,26.66,100.375,86.5,3.55,2,"W ",8,200
"1058",1058,2014-12-10 07:00:00,23.91,31.8444444444444,27.59,66,84.1,5.08888888888889,2,"N ",6,290
"1059",1059,2014-12-20 07:00:00,23.71,30.6777777777778,26.98,268,87.7,4.4125,1.4,"N ",6,270
"1060",1060,2014-12-30 07:00:00,24.01,30.2111111111111,26.93,198.75,87.4,3.31111111111111,1.9,"N ",13,270
"1061",1061,2015-01-09 07:00:00,24.84,30.3666666666667,27.25,NA,85.2,4.91,2.4,"N ",7,290
"1062",1062,2015-01-19 07:00:00,23.25,30.54,26.98,NA,82.6,5.9,1.9,"N ",6,340
"1063",1063,2015-01-29 07:00:00,23.3555555555556,31.17,27.03,NA,83.7,6.66,2,"N ",6,360
"1064",1064,2015-02-08 07:00:00,23.62,31.2,27.24,NA,82.3,7.72222222222222,2.1,"N ",6,360
"1065",1065,2015-02-18 07:00:00,23.67,31.3,27.2,NA,83.6,5.93333333333333,1.5,"N ",7,360
"1066",1066,2015-02-28 07:00:00,23.1833333333333,NA,NA,NA,NA,5.76666666666667,NA,"N ",5,270
"1067",1067,2015-03-10 07:00:00,23.51,NA,NA,NA,NA,6.21,1.77777777777778,"N ",6,350
"1068",1068,2015-03-20 07:00:00,NA,NA,NA,NA,NA,NA,NA,NA,NA,NA
"1069",1069,2015-03-30 07:00:00,NA,NA,NA,NA,NA,NA,NA,NA,NA,NA
"1070",1070,2015-04-09 07:00:00,NA,NA,NA,NA,NA,NA,NA,NA,NA,NA
"1071",1071,2015-04-19 07:00:00,NA,NA,NA,NA,NA,NA,NA,NA,NA,NA
"1072",1072,2015-04-29 07:00:00,23.75,32.825,28.25,NA,82,7.7375,1.75,"N ",6,290
"1073",1073,2015-05-09 07:00:00,NA,NA,NA,NA,NA,NA,NA,NA,NA,NA
"1074",1074,2015-05-19 07:00:00,NA,NA,NA,NA,NA,NA,NA,NA,NA,NA
"1075",1075,2015-05-29 07:00:00,NA,NA,NA,NA,NA,NA,NA,NA,NA,NA
"1076",1076,2015-06-08 07:00:00,NA,NA,NA,NA,NA,NA,NA,NA,NA,NA
"1077",1077,2015-06-18 07:00:00,24,33.3333333333333,28.1777777777778,NA,79.2222222222222,8.1,3.44444444444444,"SE",7,170
"1078",1078,2015-06-28 07:00:00,23.55,32.4444444444444,27.52,NA,78.3,9.33,3.4,"SE",8,110
"1079",1079,2015-07-08 07:00:00,24.6222222222222,33.72,28.31,NA,79.2,8.48,3.4,"SE",7,120
"1080",1080,2015-07-18 07:00:00,24.0555555555556,32.82,27.44,NA,81,9.19,3.2,"SE",8,120
"1081",1081,2015-07-28 07:00:00,23.2,32.02,26.87,NA,80.3,7.65,2.8,"SE",8,110
"1082",1082,2015-08-07 07:00:00,24.28,33.53,27.98,NA,78.2,8.22,3.2,"SE",8,120
"1083",1083,2015-08-17 07:00:00,22.8,32.74,27.15,NA,78.2,9.24444444444444,3.3,"SE",6,130
"1084",1084,2015-08-27 07:00:00,23.58,33.2666666666667,27.66,NA,79.3,6.0125,3.3,"SE",8,140
"1085",1085,2015-09-06 07:00:00,23.3888888888889,33.27,27.4,NA,77.7,7.78,3.8,"E ",8,90
"1086",1086,2015-09-16 07:00:00,23.61,32.33,27.32,NA,80.4,4.2375,2.7,"SE",10,90
"1087",1087,2015-09-26 07:00:00,24,32.3777777777778,27.51,NA,82.1,2.26666666666667,2.6,"SE",6,90
"1088",1088,2015-10-06 07:00:00,23.3555555555556,31.96,26.96,NA,83.3,3.75,2.11111111111111,"N ",6,210
"1089",1089,2015-10-16 07:00:00,23.42,33.39,27.45,NA,79.7,5.03,2.3,"SE",7,110
"1090",1090,2015-10-26 07:00:00,23.93,31.2375,27.2,NA,85.5,3.27,1.2,"N ",6,180
"1091",1091,2015-11-05 07:00:00,24.1,31.56,27.09,NA,86.3,5.25555555555556,1.3,"N ",6,120
"1092",1092,2015-11-15 07:00:00,24.0888888888889,31.75,27.19,255.777777777778,87,6.975,1.4,"N ",9,120
"1093",1093,2015-11-25 07:00:00,24.61,32.1666666666667,27.87,NA,84.7,6.775,1.7,"N ",15,4
"1094",1094,2015-12-05 07:00:00,23.6888888888889,31.2125,27.3,NA,86.7777777777778,5.81111111111111,1.33333333333333,"N ",5,70
"1095",1095,2015-12-15 07:00:00,24.5625,31.5222222222222,27.6333333333333,NA,83.2222222222222,5.22222222222222,1.66666666666667,"N ",8,50
"1096",1096,2015-12-25 07:00:00,24.26,31.7111111111111,27.66,NA,85.8,5.93,1.4,"N ",8,300
"1097",1097,2016-01-04 07:00:00,24.56,31.82,27.68,183.75,85.7,4.97777777777778,1.22222222222222,"N ",18,90
"1098",1098,2016-01-14 07:00:00,25.1777777777778,32.0666666666667,27.8888888888889,NA,85.3333333333333,4.83333333333333,1.55555555555556,"N ",9,340
"1099",1099,2016-01-24 07:00:00,24.6222222222222,32.27,28.13,NA,83.9,4.61,1.5,"N ",8,40
"1100",1100,2016-02-03 07:00:00,24.92,31.7888888888889,27.69,NA,84.5,4.1,1.5,"N ",16,200
"1101",1101,2016-02-13 07:00:00,24.56,32.3555555555556,28.01,NA,83.2,6.51,1.5,"N ",9,360
"1102",1102,2016-02-23 07:00:00,24.84,32.1875,28.05,NA,83.3,6.79,1.8,"N ",8,240
"1103",1103,2016-03-04 07:00:00,25.38,32.57,28.54,NA,83.4,7.91,1.4,"N ",6,330
"1104",1104,2016-03-14 07:00:00,25.86,32.37,28.6,23.75,82.5,6.98888888888889,1.2,"N ",6,360
"1105",1105,2016-03-24 07:00:00,24.84,32.82,28.36,121.333333333333,82.4,6.3,1.3,"N ",5,90
"1106",1106,2016-04-03 07:00:00,25.43,32.57,28.61,NA,83,5.46666666666667,1.2,"N ",4,90
"1107",1107,2016-04-13 07:00:00,25.28,33.17,28.19,NA,84,6.51,1.5,"N ",8,90
"1108",1108,2016-04-23 07:00:00,25.08,32.88,28.21,NA,84.4,6.9,1.7,"N ",5,110
"1109",1109,2016-05-03 07:00:00,25.5,32.82,28.32,NA,85.5,5.97,1.5,"N ",10,NA
"1110",1110,2016-05-13 07:00:00,25.5,32.66,28.3,127.111111111111,85.1,6.95,1.3,"N ",7,210
"1111",1111,2016-05-23 07:00:00,25.0888888888889,33.56,28.87,NA,81.6,7.4,1.7,"N ",6,330
"1112",1112,2016-06-02 07:00:00,25.24,32.87,28.32,NA,81.9,7.4625,1.5,"N ",10,70
"1113",1113,2016-06-12 07:00:00,24.4,32.06,27.5,NA,85.5,5.87,1.6,"N ",10,270
"1114",1114,2016-06-22 07:00:00,24.94,32.87,28.41,NA,81.6,6.82,1.5,"N ",9,250
"1115",1115,2016-07-02 07:00:00,25.3,33.63,28.89,NA,81.2,8.23,2.1,"N ",7,100
"1116",1116,2016-07-12 07:00:00,24.55,32.38,27.81,NA,84,7.27,1.8,"E ",5,100
"1117",1117,2016-07-22 07:00:00,23.93,31.88,27.44,82.875,82.2,6.4,1.9,"N ",6,100
"1118",1118,2016-08-01 07:00:00,23.77,32.92,27.95,NA,80.3,8.36666666666667,2.2,"N ",7,120
"1119",1119,2016-08-11 07:00:00,24.65,33.64,28.67,NA,78.3,9.17777777777778,3,"SE",8,150
"1120",1120,2016-08-21 07:00:00,24.49,33.28,28.09,NA,79.8,7.28571428571429,2.3,"N ",6,90
"1121",1121,2016-08-31 07:00:00,24.2,32.77,27.28,NA,85.3,6.51,1.9,"N ",7,110
"1122",1122,2016-09-10 07:00:00,24.23,32.8,28.03,NA,80.4,7.33,1.88888888888889,"N ",5,210
"1123",1123,2016-09-20 07:00:00,24.3125,32.6375,28.0375,NA,80.625,6.5375,1.375,"N ",7,10
"1124",1124,2016-09-30 07:00:00,24.58,31.29,27.24,214.75,85.2,5.75,1.5,"N ",8,250
"1125",1125,2016-10-10 07:00:00,24.8,32.57,28.2555555555556,NA,81.2222222222222,6.84,1.6,"N ",8,120
"1126",1126,2016-10-20 07:00:00,24.49,32.39,27.54,NA,83.9,5.63,1.8,"N ",6,50
"1127",1127,2016-10-30 07:00:00,24.275,31.6625,27.65,NA,84.5,4.1125,1.28571428571429,"N ",18,140
"1128",1128,2016-11-09 07:00:00,24.125,31.525,27.125,NA,87,5.2,1.71428571428571,"N ",11,10
"1129",1129,2016-11-19 07:00:00,24.82,32.03,28.16,NA,83.6,5.04444444444444,1.1,"N ",5,40
"1130",1130,2016-11-29 07:00:00,24.21,31.06,27.02,85.7777777777778,87,4.11,1.33333333333333,"N ",6,270
"1131",1131,2016-12-09 07:00:00,24.35,31.21,27.1,NA,86.3,4.42,1.4,"N ",10,260
"1132",1132,2016-12-19 07:00:00,25.24,31.18,27.29,111.375,86.4,4.76,1.5,"N ",7,260
